,Country Code,GNI 2010,GNI 2011,GNI 2012,GNI 2013,GNI 2014,GNI 2015,GNI 2016,GNI 2017,GNI 2018,GNI 2019,POP GROWTH 2010,POP GROWTH 2011,POP GROWTH 2012,POP GROWTH 2013,POP GROWTH 2014,POP GROWTH 2015,POP GROWTH 2016,POP GROWTH 2017,POP GROWTH 2018,POP GROWTH 2019,2010 Total:,2011 Total:,2012 Total:,2013 Total:,2014 Total:,2015 Total:,2016 Total:,2017 Total:,2018 Total:,2019 Total:
0,AFG,510,530,630,650,630,590,550,530,510,520,2.74661463795293,3.14310555651301,3.40760003260595,3.49459192739625,3.35560233082199,3.07705362914441,2.77803478841236,2.54783303994568,2.38430907940751,2.31307334941778,68.96605,66.94454,68.25744,72.18289,68.05715,67.2032,64.00314,61.77561,70.25405,62.48616
1,ALB,4360,4410,4360,4540,4540,4390,4320,4290,4860,5230,-0.49646196338738,-0.269017331764615,-0.165151040121679,-0.183211384606402,-0.207046999760594,-0.291205786840436,-0.159880412127734,-0.0919722937442495,-0.246732042281782,-0.426007367032238,21.9487,22.9965,21.70175,19.77038,19.13142,18.98271,18.14981,19.00622,19.75808,16.27997
2,DZA,4470,4600,5200,5520,5490,4850,4370,3950,3980,4010,1.80500474736452,1.88330858570333,1.95146367479529,2.00270360530766,2.03358715504452,2.0453720881528,2.05135237337878,2.04490931275225,2.00739866314238,1.93398334424168,21.27312,21.55503,22.75584,21.19187,22.63854,22.49486,23.05572,23.32959,22.72761,22.68313
3,AND,..,..,..,..,..,..,..,..,..,46040,-0.008288192290815,-0.839471761400757,-1.58992366767347,-2.03074436920753,-1.94651826894114,-1.55213476921424,-0.898980862435393,-0.38628103925755,0.0142852505031622,0.179041785311253,11.42903,11.66004,10.79727,10.14877,9.34741,9.94171,9.06227,9.30733,9.21394,8.52423
4,AGO,3220,3370,4080,4670,4830,3920,2480,2010,1900,2070,3.67149333263444,3.63415021537353,3.59775453949706,3.55199742692341,3.49744741099259,3.43886936840162,3.37826943218091,3.32215836256296,3.2761445879162,3.24291402840967,24.1984,24.67357,24.0083,24.53186,24.11941,25.03078,26.0812,25.44195,25.85236,27.16477
5,ATG,12690,12370,12780,12620,12760,12850,13580,14320,15880,16420,1.47279415442432,1.37637551869337,1.28802773688723,1.2126557898666,1.14304343305706,1.08418161589205,1.00909459019292,0.952914631258636,0.894078681398432,0.861445783881833,8.16597,7.79362,8.19812,8.05258,8.49694,8.89159,8.9538,9.26532,8.86972,8.29693
6,ARG,9270,10710,11890,12870,12350,12600,12220,13140,12430,11260,0.752217992640236,1.15305928006386,1.13690569378967,1.11910919999772,1.09946109101836,1.07800134449604,1.05718157762752,1.03713389686514,1.01580834908002,0.993397493293046,13.13748,13.22056,12.94834,14.01846,13.56491,14.18288,13.93109,13.23692,12.60073,12.04087
7,ARM,3470,3530,3880,4110,4140,4010,3760,3950,4240,4660,-0.373954889662394,-0.0270427628367578,0.26742945492201,0.461930535014127,0.509812126446043,0.450705991935445,0.361260408326477,0.293899005891436,0.235799808401976,0.202624027586126,40.89928,46.45905,45.89738,42.84965,40.55938,40.58537,40.0427,37.75576,37.0863,34.12674
8,AUS,46690,50380,60260,66050,65180,60490,54090,51480,53070,54910,1.55548958906995,1.38952731561803,1.74582000067359,1.721151439989,1.49156648912847,1.43921665259925,1.56194049810399,1.68452310845434,1.53610551570388,1.52165367749095,9.03381,8.0759,7.31418,7.25562,6.91137,6.6018,6.6731,6.88756,7.10973,8.93323
9,AUT,49750,50700,50100,50720,50390,47480,46240,45040,49010,51010,0.240394299500766,0.337080841831645,0.45593747231891,0.589387254692989,0.781541632525841,1.12099250236958,1.08139629872802,0.694621103604983,0.487071924768999,0.444673639004876,15.62129,15.98621,14.24784,13.98012,12.98472,13.62845,12.27973,12.31771,12.67567,11.50796
10,AZE,5410,5570,6480,7450,7740,6610,4790,4110,4080,4510,1.18978770786007,1.30300085487651,1.32876382733755,1.29344702700591,1.24820899735588,1.19120985807018,1.11785721013911,0.98126180450475,0.866316916370841,0.846646726414021,30.1081,33.92017,33.58166,31.35332,29.929,29.66727,28.84057,27.47704,26.96124,24.64286
11,BHS,28290,27900,28590,27600,28180,28810,28930,30580,31070,32420,1.51478477511973,1.30075351976794,1.10570789821922,0.980106184007713,0.93876021994633,0.959964408799924,0.990005732547738,1.00728534144547,1.01280016721917,0.993659489537656,4.96926,4.91879,5.28044,5.07954,5.31808,5.32066,5.55845,5.80244,5.61226,5.19903
12,BHR,18970,18160,22010,23790,24070,22580,21570,21250,22000,22230,4.60018474525212,2.96081559234807,1.69035809880424,1.15390705309184,1.5875995721769,2.64276663660774,3.85657694585171,4.67804747089484,4.92102429600582,4.4686878342058,55.87221,54.68996,54.40328,52.80459,50.11634,56.37947,52.90089,54.71749,54.49085,51.81722
13,BGD,800,890,970,1040,1110,1220,1430,1670,2040,2250,1.1248068966134,1.14382867124819,1.15400610453827,1.15595091365323,1.1429302161114,1.11909103277687,1.09528840382819,1.07553524898766,1.05357030023873,1.02919664944804,49.42935,49.96579,50.8172,52.86825,50.96257,50.62575,47.77741,46.18553,50.66434,45.98906
14,BRB,15540,15040,15730,15660,15630,15760,15940,16090,16610,17130,0.363612230788636,0.302945811200443,0.250933189719929,0.20986218775708,0.186604261703996,0.176093438142998,0.164937660504219,0.150692216122692,0.143488326481972,0.132831081778268,9.1456,9.04454,9.60352,9.31516,9.94912,10.52567,10.34492,10.90575,10.35542,9.78987
15,BLR,6150,6340,6630,7030,7620,6750,5640,5320,5730,6370,-0.218522755959381,-0.234282914157686,-0.156617600248906,-0.0383800002667846,0.056151567510169,0.132853236725342,0.0877210878706449,-0.109782322950581,-0.213824206997671,-0.201786600970723,19.90926,18.10344,17.35394,17.94123,18.76572,16.49174,14.7773,14.36545,16.08948,15.48201
16,BEL,47080,46490,47130,47900,47820,45570,43400,42520,46070,48050,0.913639391631709,1.3010029017038,0.620163579337378,0.471340143966627,0.44392928847521,0.579446241677791,0.506300002451376,0.385228018372369,0.455184695275022,0.540461327098122,16.07608,16.2887,14.64482,14.41417,13.12651,13.27885,12.36674,12.32764,12.16104,11.25612
17,BLZ,3910,4070,4120,4180,4290,4440,4370,4430,4560,4610,2.45178026956863,2.38129471621378,2.32413036818372,2.25427414346617,2.19127515015067,2.11686041760718,2.04936387658783,1.98239700826474,1.9229790570947,1.88259837762914,9.91087,9.80176,10.17558,10.24834,10.79746,11.0954,11.10206,11.36383,10.90041,10.50946
18,BEN,1080,1090,1120,1220,1270,1180,1110,1090,1200,1250,2.80597623284658,2.80376175488743,2.79772118064924,2.79071643360586,2.78209237028195,2.77183788570358,2.76136092814418,2.74990222166209,2.73485620295269,2.71521854979345,30.97376,31.36923,31.84715,30.8411,31.14171,33.10973,32.72527,32.66209,32.33744,31.51453
19,BTN,2040,2240,2390,2410,2460,2520,2650,2800,2970,3150,1.051899559473,1.13070622314478,1.18793062766492,1.22581161024797,1.23391673082009,1.22080001903125,1.2045829397843,1.19507395930716,1.17777914017278,1.14637925209774,29.51405,29.08522,30.02531,30.6965,29.72429,29.04297,27.62854,26.49072,28.72968,26.09506
20,BOL,1780,2000,2250,2590,2830,2960,3040,3090,3370,3520,1.64358106824134,1.62235980079652,1.60004361529199,1.57457928674147,1.54497716852867,1.51294243320221,1.48019596651052,1.449144413215,1.42189080360535,1.39913335536684,28.03159,25.82634,26.2593,26.52307,27.47979,26.50242,26.40407,24.17303,24.63357,25.23416
21,BIH,4960,5010,4990,5270,5300,5210,5130,5120,5750,6170,-0.818853335966774,-1.20286774011291,-1.54695841535682,-1.74536474373628,-1.72230731218996,-1.52630451114807,-1.26472845809142,-1.03088019890592,-0.827063451812447,-0.692266996375143,34.91059,36.5729,34.05842,31.48972,32.07207,30.73886,29.70925,31.40318,32.0164,26.19402
22,BWA,5610,6610,7250,7570,7420,6430,6280,6380,6780,7170,1.70592328995544,1.41413550355517,1.19090216555368,1.12138806019311,1.25595158309984,1.52506854883531,1.83197313579572,2.06884765539921,2.1974164684246,2.1781688165261,14.13807,13.68966,12.99973,12.80619,12.77959,12.88574,12.68932,13.11235,12.94709,12.8184
23,BRA,9640,11070,12300,12770,12100,10170,8910,8680,9140,9220,0.937959306704135,0.915965178459778,0.893525506727112,0.873605695817564,0.855795964130977,0.838838953278811,0.823752152538353,0.807145245445964,0.783844259734468,0.751550842096973,14.59709,14.88721,14.13799,13.15358,13.29311,12.04713,11.99646,14.86497,11.15102,10.94008
24,BRN,33300,35520,42370,45320,43090,38850,33170,29800,29390,32230,1.22507149994452,1.29181506558269,1.33977207261274,1.34852076714032,1.31764439034594,1.24557202006897,1.168569853619,1.11102778339034,1.04964282773986,1.00574227362596,8.33369,8.41756,7.61957,8.07865,8.01761,7.81317,7.91286,7.02539,6.69525,6.86475
25,BGR,7010,7260,7490,7590,7700,7430,7400,7610,8530,9500,-0.658275446635908,-0.641228920515067,-0.579220596364389,-0.559647217410859,-0.568389264052903,-0.638069468160719,-0.701382097841331,-0.730443175298289,-0.722080405222853,-0.703905641117455,23.87244,24.29317,22.21629,21.16338,21.16684,20.41206,19.62786,20.30481,20.39639,17.29031
26,BFA,650,680,730,770,760,700,680,670,750,770,3.01921284414061,3.00904517611233,2.99740381221435,2.98166398413105,2.96187533312778,2.93935056790969,2.91521308067141,2.89075088175118,2.86697911426999,2.8445964977375,41.29936,40.39413,41.16909,38.51253,40.01653,43.63248,43.05181,42.74336,41.76688,40.74491
27,BDI,220,230,250,260,260,260,260,260,250,240,3.25619646076404,3.20771300738314,3.15978509519121,3.13349808169981,3.13675679189263,3.15690795388679,3.17701485540777,3.18120007897113,3.16691169681282,3.1289321480628,27.83957,27.69889,28.28679,28.2065,28.28168,28.3709,28.36512,27.63488,27.98169,27.99587
28,CPV,3400,3510,3440,3490,3360,3210,3130,3080,3400,3630,1.22066926970069,1.25346824532103,1.27140570454365,1.27811403978747,1.26912353358353,1.23949829305891,1.21227381499617,1.19012595595116,1.15884296629081,1.12865786215008,28.17148,31.06129,31.92126,30.71544,30.11248,33.37649,31.82663,32.59455,31.19557,31.08072
29,KHM,750,810,880,970,1020,1060,1140,1230,1380,1530,1.53915213466393,1.58885279806388,1.63044345047096,1.6498363404781,1.6381168470705,1.60368077118284,1.56521446599878,1.53027452708458,1.49034315597302,1.44641184190217,18.84915,17.31448,18.21766,19.1953,17.01531,17.4328,19.15603,16.83556,17.16058,17.80251
30,CMR,1400,1420,1420,1480,1540,1500,1440,1390,1490,1540,2.74773375136593,2.74047937968109,2.73124948919439,2.71824868984878,2.70152461390938,2.68184811095466,2.66050206631452,2.63775433447287,2.61228416133822,2.58417898206639,53.5823,54.40143,55.42413,53.04467,53.82225,59.08734,59.19735,59.29862,57.80493,56.36692
31,CAN,44490,47190,51080,52800,52200,47590,43890,42900,45080,46540,1.11186407517168,0.978697786570341,1.08581726304756,1.05659125917789,1.00533757867378,0.746339477969813,1.13234865466606,1.19952071057872,1.41245586917998,1.43613682316886,7.76265,7.8737,7.70689,7.40761,7.29134,7.15364,6.30748,6.89968,7.09267,6.38944
32,CAF,510,530,570,380,390,400,410,440,490,520,1.12655511715726,0.723967672972794,0.401398611232931,0.259647553067029,0.364133903303029,0.647515777004538,0.985784078923095,1.2774834969372,1.5191174668345,1.67466162763351,27.86686,28.59072,27.84438,26.61987,27.61422,29.06455,29.15016,27.93652,28.25056,27.19802
33,TCD,910,890,960,970,980,880,730,640,680,700,3.33466929345193,3.3635382470264,3.37076756399417,3.35106893405564,3.29689942062191,3.22199984419079,3.14393299725849,3.07750673636919,3.02350454795029,2.98613014725798,41.64312,42.20619,43.04271,40.62418,41.04188,44.4972,44.48747,44.35547,42.60818,41.15263
34,CHL,10790,11930,14270,15180,14770,14130,13340,13260,14580,14900,1.03891170046699,0.997514840169031,0.96307999965156,0.978805917146093,1.06117867141393,1.17771785691816,1.32520687841934,1.42514142087535,1.39106423293431,1.18293256569455,22.25415,22.50082,22.0063,23.82929,23.14193,24.15233,23.74832,22.69373,21.46726,20.48648
35,CHN,4340,5040,5910,6740,7470,7890,8210,8670,9540,10310,0.482959688678361,0.546457594880274,0.678345458846803,0.666072977690069,0.630326389541893,0.581456146657648,0.573050906069647,0.605245013482969,0.467672053461959,0.354740890170827,47.18253,51.9203,53.43098,64.92525,55.40258,51.76256,47.61291,46.89996,40.54193,38.153
36,COL,5630,6320,7290,7960,8210,7330,6460,5940,6270,6570,1.05064996242948,0.968365031109833,0.900335047336095,0.906920982436048,1.0104897504141,1.1704451989867,1.3676499516175,1.51374743470421,1.52423594388212,1.35678804331132,17.41506,17.84735,17.18047,18.07776,17.21034,17.3316,16.90482,15.90059,14.72127,14.03552
37,COM,1380,1410,1420,1490,1490,1380,1320,1280,1370,1380,2.41327037744548,2.41826786302,2.41713114831259,2.4085085351559,2.38254831579554,2.34845598521899,2.30927369612098,2.27324455021872,2.23941634435226,2.20646505841421,13.735,13.8865,14.16312,14.0733,14.24112,14.53778,14.15413,14.29056,14.41939,14.3724
38,COD,320,340,380,410,440,460,470,460,500,530,3.33113330807202,3.33767597445113,3.33757066956072,3.33135585036626,3.31967815794583,3.3028191819646,3.28293417455056,3.25850577170009,3.22669886135312,3.18708626507603,31.83993,31.62003,32.14339,32.08453,31.46924,32.20523,32.98959,31.32414,31.46394,31.57858
39,COG,2750,2710,3500,3750,3990,3100,2220,1700,1790,1810,3.04895683882158,2.79427264189258,2.59092527223385,2.46504470838409,2.440535491773,2.48375698671647,2.53956659003454,2.57067057638817,2.58172086705774,2.56282646096789,30.35857,30.49804,29.84971,29.90465,28.64988,28.98937,30.03266,28.76763,29.26944,29.48397
40,CRI,7260,8090,9280,9930,10350,10700,11100,11500,11970,12120,1.24493397923295,1.20983529009945,1.17835234575071,1.14757030077983,1.1172644537537,1.0870985434196,1.05736605443833,1.02787999000234,0.994802059847413,0.957865009385917,18.34723,19.17703,18.51075,19.14176,18.0355,18.31777,17.8607,17.0471,15.59229,14.69544
41,CIV,1230,1110,1240,1350,2020,2050,2050,2030,2180,2290,2.33453614556572,2.38552681012208,2.43594320427159,2.47667884960598,2.50449558970766,2.52216477826712,2.53612860524997,2.54778157022741,2.55232234123969,2.54938709160815,39.44081,40.74937,41.18663,39.4543,39.55348,43.7615,42.70035,42.12337,41.80919,40.41493
42,HRV,14220,14230,13610,13760,13500,13270,12680,12980,14410,15540,-0.226821270818422,-0.345264228485821,-0.305655944795909,-0.278509062850129,-0.407343184777633,-0.824099163913538,-0.69838345731273,-1.20061016480925,-0.893486927711056,-0.554146739042888,20.99358,22.06682,19.8851,18.93214,19.0963,18.64689,17.72706,18.22426,18.97625,15.28803
43,CUB,5200,5630,6110,6640,6840,7230,7480,7950,8630,..,-0.0078209400275259,0.0964985990967583,0.1817480467984,0.22724223275672,0.214142579335342,0.157902541706838,0.0911831698686808,0.036578756776887,-0.00978066226269748,-0.0411262892496893,13.32336,12.77719,13.71305,13.2396,13.71356,14.16391,14.4658,14.76059,14.28114,13.31979
44,CYP,32040,32550,29680,27830,26530,26010,24720,24960,27330,28600,1.31435017990175,1.09232382023245,0.903504247637881,0.774057448341904,0.734358831588459,0.751316386354157,0.789476881596144,0.808217946249284,0.80854929846874,0.779957016025289,18.5258,17.56798,16.22805,16.11813,14.88171,15.12686,13.67356,14.60062,15.38302,14.51621
45,CZE,19400,19460,19440,19410,18900,18370,17670,18310,20560,22110,0.29136167418042,0.206747667335417,0.139925655740972,0.0331699460503076,0.105277581527518,0.196588748472653,0.192048415842684,0.265642663548985,0.334427262299794,0.393788864202175,20.24895,20.80231,18.80054,18.07482,18.27818,17.5159,16.62194,16.99135,17.50349,14.34125
46,DNK,61220,61990,61650,63200,63670,60510,58040,56690,61260,63460,0.444197154509531,0.411737855195019,0.376272242619955,0.416901360752097,0.507053283010163,0.706423849687002,0.780392644135167,0.643350903737356,0.495838925879129,0.358130915892652,12.26529,12.98285,11.44257,10.96574,10.39104,10.72585,9.77846,9.96918,10.01519,9.65653
47,DJI,..,..,..,..,..,2540,2640,2730,2910,3110,1.48370781049189,1.59130561077479,1.6802510753989,1.73119808534073,1.72966983945298,1.68713196053581,1.64062894888599,1.59974199816625,1.55786869505917,1.51455950269865,20.58046,20.825,21.15661,20.71166,20.00309,20.38808,20.4687,20.89987,20.38832,19.98484
48,DMA,6730,6920,6850,6700,7040,6920,7270,7270,7800,8210,0.0409243258489963,0.0493691340102498,0.0592108062919439,0.091566712743407,0.101329964338399,0.118088664559983,0.1852866155223,0.214335327593936,0.23202839477624,0.253775391715059,7.86285,7.69866,8.1195,7.8932,8.35549,8.8134,8.8778,9.23309,8.74675,8.22238
49,DOM,5330,5540,5790,6030,6330,6580,6860,7090,7780,8100,1.22855325822389,1.21079976113526,1.19223652132696,1.17433819883707,1.15722499834282,1.13948330027521,1.12250979934744,1.10348624035038,1.07886200909288,1.04662057856427,7.52421,7.04065,7.461,7.21616,7.69651,7.87327,8.01817,8.32237,8.00486,7.58534
50,ECU,4400,4880,5390,5810,6110,5970,5800,5860,6090,6090,1.58940945340249,1.5387578951487,1.4989154903973,1.49689924339943,1.54370951998338,1.61793842153926,1.70687458770944,1.76850279585209,1.76565269522798,1.67917269268893,17.47493,17.10048,17.73954,18.12336,18.55831,17.72879,17.16539,15.83787,16.3823,16.54855
51,EGY,2370,2560,2840,3030,3230,3340,3440,3030,2790,2690,1.98480507963281,2.11377559615712,2.21474099517289,2.26795425995553,2.25925135870425,2.20702533886058,2.14522226806526,2.09083266789985,2.0332723991851,1.97628022437557,60.83491,59.31687,60.50464,61.92892,62.02213,61.56171,61.96814,62.04866,62.19745,63.15743
52,SLV,2880,3060,3210,3350,3400,3440,3510,3600,3820,3980,0.424566261779668,0.43067750767237,0.439491797451583,0.450320730659221,0.462504406912423,0.475379938992478,0.489163801354667,0.501983868180685,0.509273429616579,0.509699113997832,26.92661,28.312,26.85603,28.60984,27.04093,27.18434,26.44211,24.93845,23.35659,22.15224
53,GNQ,9970,11540,13870,14030,13230,10850,8270,6510,6730,6320,4.55859753598786,4.47844612368567,4.39405251755149,4.29188431716242,4.17228049316185,4.04289647772825,3.910797910143,3.78110663523236,3.65334093213133,3.52884025293578,24.24799,24.93395,25.52585,24.30935,24.11408,27.28679,26.95478,26.62422,26.37597,25.66867
54,ERI,510,600,..,..,..,..,..,..,..,..,1.60620728106538,1.36371886893331,1.1180373862657,0.95993162811431,0.909803592359427,0.942981580368309,1.0042683597868,1.07037642858431,1.1624015499457,1.27542875493828,22.41942,22.7158,22.69251,22.20768,21.30527,22.33113,22.30357,23.55812,22.98061,22.74486
55,EST,14580,15840,16760,18140,18880,18570,18290,18760,21200,23050,-0.22805796852935,-0.303582823643979,-0.357944411443807,-0.355891802625531,-0.262256175097854,0.0655525295417938,0.0291122255540077,0.121070631466687,0.348039137980543,0.368313695574019,8.46857,7.65399,7.37921,7.63221,7.84577,6.74558,6.19576,5.89878,6.70458,6.35007
56,SWZ,3460,3860,4310,4420,4130,3800,3450,3390,3620,3710,0.695379475450237,0.672762228049404,0.674567033429102,0.697837862901262,0.749729090602264,0.819991316155699,0.897738794178433,0.966059893032549,1.014213397419,1.03826564467004,14.96722,14.71019,14.74831,14.89782,15.05071,14.82998,14.5759,14.77646,14.94766,15.07308
57,ETH,380,390,410,470,550,600,670,740,800,850,2.78375692665143,2.81261373694903,2.82962796762188,2.82701488481635,2.79992468847357,2.75611161556288,2.70807265338359,2.66341448153029,2.61996917105787,2.57969708764895,22.26304,22.38095,22.08561,22.07112,21.94154,22.11803,22.17223,22.2304,22.23241,21.80471
58,FJI,3650,3770,4140,4710,5020,5100,5280,5370,5910,5800,0.721353944911169,0.421873730679218,0.186749844268206,0.0620570008249373,0.0975723050605574,0.251861863930646,0.433535156741165,0.577645837253693,0.684860282111394,0.729092657357544,7.19301,7.03749,7.10199,7.12294,7.22564,7.32313,7.38893,7.45195,7.51985,7.36073
59,FIN,49750,50260,48970,49510,49420,47180,45530,44840,48220,49940,0.457494535465831,0.463558707499131,0.475809486683209,0.460723772785295,0.413560207519414,0.329383885818507,0.287421401687637,0.234670531705453,0.132641040791912,0.110191690491055,7.06676,7.03235,6.32824,6.19898,5.77196,5.82623,5.39254,5.37331,5.57078,5.46669
60,FRA,43970,44440,43410,43800,43340,41130,39100,38320,41200,42550,0.494040602950225,0.483675544447657,0.483998961260596,0.514773829097755,0.473706907839969,0.355569240058298,0.263868788565368,0.29020211635109,0.274451849056795,0.218824148997353,14.4533,14.72045,13.28604,12.94845,11.87684,12.20689,11.24407,11.2922,11.22835,10.45709
61,GAB,7850,8120,9090,9330,9330,7970,7080,6510,6830,7170,3.45914677152663,3.65632223436154,3.78858379514105,3.77941142417916,3.60662305351134,3.33525107312594,3.04363801829034,2.79587459437534,2.60348679566927,2.48404317871067,25.25444,25.36521,25.71197,25.17365,24.74257,26.12616,26.67274,25.89724,26.25771,26.28642
62,GMB,890,760,760,730,650,620,620,660,720,750,2.99568796782189,3.01796344575918,3.03116971169135,3.03420154965796,3.02595091827443,3.00872083418281,2.98837300675649,2.96906958481079,2.94601268814255,2.92186286632026,37.46242,37.6336,38.99416,36.75793,37.9618,39.87149,38.93244,40.49778,39.85939,39.10354
63,GEO,3210,3520,4150,4530,4740,4410,4080,4040,4460,4690,-0.729475256932528,-0.802164039694326,-0.736565518814038,-0.300972141406188,0.0469539002549217,0.157481405176007,0.0598165991047394,0.0133860746662629,-0.0390365463489613,-0.171565740223868,22.83911,25.97638,25.60431,23.91735,22.75555,22.56939,22.23778,21.05663,20.65794,19.06419
64,DEU,44680,47320,46560,47220,47640,45780,44280,43760,47470,49190,-0.153198446937304,-1.8537146287573,0.187727800567293,0.272900214681538,0.416877359168292,0.865702643950251,0.807218538573871,0.373724559895838,0.300526701992065,0.22551987421288,15.05866,15.41786,13.75633,13.26872,12.47156,12.64463,11.65641,11.77804,11.69647,10.73096
65,GHA,1240,1380,1530,1840,1880,1940,1810,1880,2120,2230,2.48700897388359,2.42440178256109,2.36948272778757,2.32382860718794,2.29181383680384,2.26877798247593,2.24660996015773,2.22050488189039,2.19285287421765,2.16258446185622,44.15821,45.88362,46.1697,44.52658,44.32529,50.00957,49.58518,48.44405,48.04326,46.04334
66,GRC,27610,24560,23180,22430,22010,20190,18640,17960,19080,19670,0.128880432668041,-0.147951277402184,-0.540752950543684,-0.725120806658085,-0.666113290031891,-0.658861360878339,-0.415913028277122,-0.197783224759792,-0.202880238259165,-0.105339392724138,19.70342,19.55482,17.69594,17.32218,15.61442,16.44555,15.17234,15.19722,15.68502,14.62251
67,GRD,6940,7060,7030,7350,7520,7750,8350,8740,9610,9750,0.415067525443612,0.524851800808174,0.621740443257645,0.667831666227163,0.670747705283378,0.64347164631606,0.600367480579,0.552600021547813,0.517266573481224,0.494964112035921,9.39634,9.23726,9.78476,9.54154,10.17527,10.76191,10.58836,11.13847,10.56853,10.08384
68,GTM,2730,2910,3160,3380,3550,3700,3870,4100,4400,4610,1.83655642844003,1.81948775605672,1.77749578673149,1.75716769812924,1.72875760277972,1.69146509302391,1.65807331834237,1.62765379973835,1.60038598150372,1.56038604781094,25.981,27.38173,25.71066,27.22863,25.22439,25.41907,24.99632,23.81887,21.71094,20.74787
69,GIN,690,680,700,700,740,760,780,820,860,950,2.25938161116451,2.21515030486438,2.197958681877,2.23532763160631,2.34225412440163,2.4898348435131,2.64435773103833,2.764879904347,2.8331175118102,2.83478481749442,36.75639,36.8619,38.56442,35.99449,37.47029,39.19347,39.27696,38.63413,37.9553,37.57394
70,GNB,580,640,630,640,640,640,650,680,720,800,2.57341352656849,2.61831220530319,2.65074262506761,2.66076608274062,2.644755927701,2.6111512533031,2.57011948297183,2.53224925787499,2.4935051959006,2.45652856791883,33.91065,34.199,35.23712,33.12466,34.50521,36.11347,35.00763,36.52577,35.89896,34.84998
71,GUY,4510,4820,5290,5540,5570,5470,5600,5910,6290,6630,0.228701604144641,0.346196945211445,0.445663749260621,0.514040832989459,0.537221878235554,0.530702759294195,0.510790065048753,0.498520023687447,0.487575158848574,0.482526666451711,10.48881,10.08629,10.7606,10.41427,11.08202,11.72288,11.76084,12.03326,11.51726,11.10584
72,HTI,1130,1240,1300,1390,1430,1410,1360,1340,1410,1390,1.53210280667313,1.50631004058552,1.48005462449313,1.45027666858973,1.41613128249998,1.37950998738794,1.34139498435713,1.3050204632281,1.27405022512994,1.24985422874917,9.56173,9.04796,9.60844,9.36743,9.92126,10.14026,10.36243,10.61368,10.23239,9.69133
73,HND,1740,1880,1970,2010,2010,2060,2120,2250,2330,2390,2.02441331695389,1.94316947523917,1.86932160846233,1.81013079423251,1.76927098953001,1.74147410181564,1.71775974956218,1.69227148219463,1.66708222728063,1.64061784169287,22.41273,24.6973,22.49206,24.52253,23.10055,23.07178,22.63153,21.06729,20.02576,18.93138
74,HUN,13270,13260,13090,13520,13560,13230,13100,13190,14980,16520,-0.226013875689698,-0.283360435946948,-0.516437606548041,-0.27536875707442,-0.269378767165116,-0.237855001984657,-0.295110604845478,-0.265860932255517,-0.126786951652838,-0.0452557101106228,19.48187,20.28949,18.09601,17.41172,17.6783,17.16101,16.18065,16.61689,17.25407,14.24457
75,ISL,36270,37610,40690,46960,48090,49940,54910,60230,67760,72900,-0.143903000294037,0.305468368224399,0.532100734916982,0.945885900369151,1.11250475522796,1.04194038662969,1.38808149583838,2.34558267643862,2.67814276922904,2.19893225826166,6.90546,7.45684,6.63645,6.38553,6.03472,6.43001,5.68914,5.75077,5.88924,5.78865
76,IND,1220,1360,1480,1520,1560,1600,1680,1820,2010,2100,1.35033831370532,1.28851296178524,1.23148489388617,1.18290421490412,1.14567340150608,1.11689591278599,1.09045932094686,1.06335942989132,1.03782784787162,1.01326124930492,55.16824,55.05154,55.71659,58.2048,55.88501,55.47851,52.99866,51.30151,55.47787,50.17359
77,IDN,2530,3010,3580,3730,3620,3430,3400,3530,3840,4050,1.3377824768766,1.34790440280692,1.35169978721169,1.34077086414715,1.31094524538172,1.26782970253157,1.22059105826764,1.17619742367279,1.13450697951891,1.09792643725552,20.59222,19.12046,20.27159,20.90741,18.87457,19.34402,20.77603,18.41187,18.46806,19.3398
78,IRN,6250,7020,7660,7530,6960,5710,5730,5750,5110,4260,1.14215042395487,1.17582867782158,1.20517252138084,1.23941932960237,1.27812132080551,1.31632102523348,1.35622574111708,1.38533380166753,1.38647833501238,1.35228980616831,29.88702,29.6127,29.63387,29.5478,29.05687,29.87318,29.5019,30.35325,32.17821,31.61622
79,IRQ,4580,4960,6310,7050,6750,5800,5340,4640,5040,5780,2.61896343035427,3.25271672235618,3.72062751428444,3.89628381431623,3.71481632582884,3.3162514919462,2.87723163897077,2.54089597268518,2.31845313270607,2.25413907484826,39.31795,38.61172,38.56523,38.55701,36.63165,39.05414,38.51472,38.85521,39.97648,39.28878
80,IRL,44850,42220,40730,43510,46410,50390,51810,53350,59350,63300,0.544884384079014,0.436072439258428,0.4237438032978,0.526556158855653,0.731001376585771,0.944845307474728,1.12883406399428,1.08867556062,1.23887545258946,1.36762695363797,9.902,10.60182,9.42652,9.32749,8.73801,9.16187,8.07617,8.13348,8.30705,8.19503
81,ISR,29770,31760,32540,34670,36300,36200,36540,37970,41320,43540,1.82675240987847,1.84807786159597,1.84615132126711,1.86605289478673,1.91954379859591,1.98128897562083,1.9603489624817,1.93872567441099,1.92662286520241,1.90898263957994,24.22698,23.7084,22.15262,22.07348,20.4316,21.65498,19.90068,19.54361,20.21878,19.47101
82,ITA,37960,37980,36220,35570,34910,33000,31970,31380,33850,34940,0.30759122234095,0.171978290995717,0.269541239520996,1.1592511168095,0.917504095962437,-0.0963761331392095,-0.169884073301448,-0.14986111697397,-0.190063640113791,-1.15302842389952,20.11166,20.72886,18.51943,17.90644,16.69172,17.27739,15.82346,15.73249,15.97465,14.22481
83,JAM,4390,4590,4980,5010,4910,4700,4600,4750,5010,5250,0.521735381598588,0.548862742473938,0.57148456718391,0.581740676170178,0.57298511603621,0.551043933758775,0.525007303608295,0.501314741642566,0.47833817688853,0.456356507419859,14.58165,13.67548,14.70844,14.31808,15.35632,15.74704,15.97862,16.30178,15.7328,14.8314
84,JPN,43910,47470,50060,48850,44440,39380,38460,38930,41770,42010,0.0179605415195644,-0.185226486410846,-0.159710675844347,-0.144271883387076,-0.132694222147042,-0.106124993746747,-0.0511374152133631,-0.081874296046114,-0.126880068088791,-0.140464977878172,14.2207,13.90566,12.37181,13.4454,13.41395,12.75262,12.54238,11.89025,10.86894,10.83519
85,JOR,3520,3620,3720,3830,3920,3950,4000,4080,4270,4410,5.20482327869944,5.37929559488532,5.42391362973706,5.16738664705539,4.58658511076862,3.82497489731351,3.05762255617112,2.39465932202378,1.81748233928602,1.35921632969114,24.53118,24.62581,24.9422,24.85342,24.47033,25.3359,24.86565,25.28584,25.85406,25.87215
86,KAZ,7440,8280,9940,11840,12080,11380,8770,8040,8070,8820,1.41327147745347,1.43151244887822,1.40867688701824,1.43944535624798,1.47267087305755,1.46148468519161,1.42204614032925,1.36038126908993,1.31452298457883,1.28960848954226,30.42386,34.57333,34.81683,32.63615,30.90701,30.83178,30.6633,29.0364,28.46401,26.50215
87,KEN,920,1000,1050,1110,1230,1300,1460,1510,1680,1830,2.7225900011839,2.69374364646689,2.66280780440883,2.61860447776138,2.55940314494339,2.49176754837837,2.42082093780373,2.3564774490698,2.30574364203494,2.27274637907931,12.37721,12.42852,12.46378,12.44209,12.46646,12.49999,12.52689,12.51088,12.58012,12.52415
88,KIR,2040,2090,2620,2980,3200,3450,2800,2930,3170,3440,1.96417541978949,1.73842049192614,1.53868138420516,1.42642187780666,1.38076698674731,1.39802743576964,1.43386389002529,1.43286876361253,1.46875398423395,1.51298666799305,7.59778,7.61922,7.54133,7.55415,7.33496,7.30706,7.63719,7.63061,7.66936,7.61811
89,PRK,..,..,..,..,..,..,..,..,..,..,0.492066889676383,0.506081340779637,0.514396262366461,0.518246253061351,0.51330357772782,0.501732435620516,0.490511296531531,0.481502958338939,0.469955192788577,0.455141902020057,50.40548,55.17787,56.46034,68.48237,60.0937,56.44233,51.03666,50.32324,43.532,41.46032
90,KOR,22290,23590,25660,26980,28160,28720,29330,30300,32750,33830,0.49822508440111,0.768971758582589,0.525713660600414,0.455218622164662,0.628149861433639,0.527288497407793,0.396851823381145,0.280968018301691,0.433519027613049,0.347874968577526,29.83355,29.35337,26.17924,28.54048,28.95136,27.60665,27.25594,25.81438,23.69667,24.03774
91,KWT,42490,43790,49690,53060,51000,41820,35330,31400,33710,36200,5.87973235396896,5.72142299542758,5.55000812778985,5.16548156283081,4.56084810570999,3.84418504828989,3.11285391822542,2.47711270117599,1.98243711082377,1.67213222595982,66.5074,65.2794,65.70146,65.5682,61.95748,66.17386,64.36795,65.62618,66.04878,64.07714
92,KGZ,850,880,1040,1190,1250,1180,1110,1110,1220,1240,1.19286442880631,1.21689072909974,1.66523655939962,1.98473866725772,2.0061078993716,2.05902596620676,2.0372244221997,1.93364715643057,1.99032207024617,2.08787614010317,44.68326,50.69917,50.3221,47.60541,44.59643,44.57756,44.04963,41.60872,40.99721,37.58464
93,LAO,1000,1140,1370,1610,1830,1980,2130,2260,2490,2540,1.62205058536827,1.5622782368538,1.51601262173813,1.49049847506341,1.49400418566463,1.5155746860205,1.54103201749189,1.5535342498681,1.54795306869369,1.5172569744542,22.85893,20.19389,21.7454,22.53763,20.14811,20.54602,23.09439,19.68483,19.68081,21.15498
94,LVA,12650,12740,13800,14850,15340,15110,14800,14870,16550,17810,-2.08130508988111,-1.82076700208005,-1.24035915329271,-1.07103480329077,-0.941743354234222,-0.818626340945853,-0.913885332226604,-0.886215573292392,-0.779138396192231,-0.695239140136066,16.47888,15.06489,14.35427,15.05586,15.38506,13.39956,12.14769,11.45575,12.84245,12.02183
95,LBN,7470,7560,7560,7650,7540,7290,7220,7460,7590,7280,2.86803826418261,4.90410211757948,6.25174094051932,6.55912171719335,5.71912410680609,4.24701618392068,2.74193248822904,1.55307816183349,0.585360849269362,-0.0539404817281259,24.23999,23.33959,23.97292,23.89735,23.82028,24.49356,24.11258,23.53088,24.0801,24.234
96,LSO,1270,1360,1500,1460,1350,1310,1270,1190,1230,1330,0.27297537342346,0.41096551086715,0.557135557161302,0.669716682610783,0.732817028859017,0.758719326998128,0.775514209299446,0.791589928337923,0.799793018141496,0.800269955388003,18.42596,17.74356,17.54277,17.75434,17.95129,17.6502,17.42253,17.75258,17.79953,17.59755
97,LBR,460,520,570,650,650,650,640,640,630,610,3.59016390667023,3.18884373580466,2.90010350523034,2.68801998464313,2.58315947137196,2.55277350982765,2.52930549204178,2.48555913100141,2.45258690738409,2.4272153554856,32.84865,33.43698,35.50188,33.1627,34.65888,37.68039,35.72049,35.98,35.67585,35.79581
98,LBY,12230,6110,12900,11470,9070,8380,7730,9900,11180,10200,1.03279845585375,0.799852879464311,0.611386604684116,0.548926061721924,0.657433708371546,0.880669873783281,1.14396728727023,1.35493226540367,1.47585263915873,1.46982235441249,31.19201,28.60137,28.5302,30.871,29.98407,29.0747,30.06973,28.41691,30.40843,29.83557
99,LTU,12570,13320,14100,15340,16070,15190,14890,15280,17470,19060,-2.09694341985475,-2.25846389882827,-1.34120198821595,-1.01200736818103,-0.859827343070249,-0.940753796646208,-1.27069453298857,-1.39832220092102,-0.954190459209969,-0.264704354944785,13.87189,12.76746,12.194,12.64978,12.91686,11.43758,10.30377,9.90997,11.11935,10.36907
100,LUX,77640,79210,87950,85160,86760,73530,73730,75800,79540,77110,1.8254058035237,2.22266050326725,2.40154189982875,2.31117625275217,2.35697870484045,2.35995118136865,2.15531198799205,2.43097641776115,1.92883751398765,1.9628449198635,12.37609,12.6349,11.32265,11.02887,10.26854,10.44694,9.74615,9.83734,9.70775,8.89471
101,MDG,470,480,500,520,520,490,470,470,500,520,2.79267649390527,2.76190338596182,2.73395412201523,2.71323855057439,2.70101227103798,2.69413797978676,2.68817665365031,2.67980999725449,2.66951722668417,2.65644587984943,16.50359,16.52913,16.17388,16.54685,16.23716,16.41895,16.52351,15.8643,16.14007,16.02251
102,MWI,450,490,460,410,370,350,340,380,440,560,2.87065408031325,2.86449596557394,2.85868448753604,2.8384987806274,2.80304251760847,2.75941225496406,2.70968236962903,2.66644645704802,2.64174528787889,2.64093709821938,18.7213,18.84669,18.96952,18.72721,18.71457,18.80413,18.58392,18.47615,18.60764,18.56954
103,MYS,8260,9050,10180,10840,11140,10680,10150,9950,10650,11260,1.69100946649984,1.55804019772355,1.44573944701104,1.36918357135887,1.34047496185505,1.3448002213693,1.35735924562312,1.3594891710441,1.35196001397349,1.32884901520668,22.67492,21.03622,22.27061,23.17544,20.80653,21.43982,22.88744,20.3758,20.49619,21.52164
104,MDV,5960,6590,6630,6800,7320,7650,8070,8600,9210,9640,3.43202635768944,3.9572424041097,4.30501951635701,4.51860343118191,4.56833997812784,4.47209805541824,4.42690070801571,4.30006271362034,3.81549331609073,2.91480812041913,13.38913,12.37565,13.26983,13.66561,12.0814,12.22996,13.66199,12.51763,12.46575,13.00334
105,MLI,700,730,730,780,810,800,780,770,830,860,3.15863381986127,3.04461310886847,2.95250852174454,2.90104516964025,2.90194115938757,2.93599897717652,2.97543544750901,2.99919867073212,3.00806522834665,2.99625535273008,39.03671,38.28989,39.78941,36.20615,38.38143,40.77241,40.08283,40.3369,39.82185,38.54882
106,MLT,21370,22120,22160,23370,24560,25230,23440,24710,27950,29330,0.49118281065151,0.423700885195294,0.899209211902256,1.4040502758129,1.9967544083193,2.38639536345808,2.28861544064371,2.73866285589301,3.49195540302534,3.93135631850717,17.17263,16.46377,14.39201,14.31433,13.8986,13.853,13.26847,12.60381,13.79236,12.93003
107,MHL,3550,3570,3470,3880,4040,4290,4250,4440,4840,5050,0.188250393023619,0.288789676722812,0.332050183221665,0.388930931556708,0.438151354676189,0.455390878332687,0.484514740861651,0.57006787881311,0.616496178310496,0.646743378680184,7.2692,7.07336,7.1185,7.2102,6.97074,7.10208,7.2666,7.14984,7.14241,7.21485
108,MRT,1500,1600,1760,1850,1750,1640,1510,1530,1640,1720,2.926972491675,2.94532125452222,2.95452101978226,2.94920984544727,2.92719086716152,2.89369909323781,2.85598806457222,2.81923462214867,2.78008863129266,2.74148343597351,38.90393,41.32036,42.27807,40.30183,40.80888,43.67907,42.42518,43.42366,42.58011,41.98461
109,MUS,8080,8400,9550,10520,10820,10700,10640,10980,12270,12840,0.237886692890185,0.160140420765724,0.277321025514609,0.220398691741504,0.181061469451535,0.132433082605329,0.0687231379365168,0.0901868114668421,0.0545472669534157,0.0322400432027594,10.59822,10.54148,10.59407,10.63984,10.65525,10.75079,10.73204,10.35147,10.44866,10.48182
110,MEX,9040,9310,10050,10270,10500,10160,9390,8920,9180,9470,1.43814066910139,1.39478996981758,1.35529442643505,1.31555760676608,1.27768636604222,1.24116450246976,1.20325950587092,1.16396694963579,1.12641479134149,1.09136688717461,22.13361,23.52526,22.2395,23.18825,21.56012,21.79878,21.20562,20.43847,18.75159,17.82781
111,FSM,2900,3070,3150,3180,3150,3490,3410,3450,3400,3940,-0.0534273667674984,0.515594947324728,1.01754150310071,1.34584881611012,1.42668074182074,1.33316817603444,1.2131540244091,1.1241750321301,1.05221384801299,1.03422854195793,7.55417,7.3519,7.46286,7.64291,7.37491,7.65392,7.73425,7.6179,7.63087,7.78563
112,MDA,2380,2730,3140,3620,3740,3300,3180,3330,3920,4580,-0.0998632072433329,-0.0578188266371312,-0.0131135135644405,-0.0267918821500678,-0.0609555340918141,-0.787848361701053,-1.148202157971,-1.69193257910835,-1.71854141941543,-1.60950755658359,16.83486,15.67313,14.84957,15.10139,15.64055,13.60586,12.51156,11.98123,13.29578,12.36523
113,MCO,..,..,..,..,..,..,..,..,..,..,1.08991365797569,1.16147269896444,1.19751996711872,1.19961088514868,1.13449255708833,1.07406120275299,0.915658238773299,0.842253416153839,0.752527100059372,0.734075853671846,11.90929,12.36992,11.15613,10.76834,9.97134,10.41417,9.52814,9.62937,9.87806,9.21092
114,MNG,2000,2590,3650,4330,4210,3800,3490,3240,3690,3850,1.70974126800063,1.83803425141813,1.94252634677933,2.00077435794101,2.00381359314742,1.96424831312739,1.9134192168807,1.86159804139428,1.7959102043121,1.71853282942005,45.20481,51.57723,52.19057,48.76769,47.14049,47.78887,47.50225,45.49607,44.03985,41.30377
115,MNE,6920,7260,7000,7330,7320,7260,7090,7410,8450,9140,0.183239906425096,0.10504177223011,0.0841474080023094,0.097599636675676,0.0970220113323688,0.0561107244885728,0.0231425307711559,0.011247907097728,-0.0234613531527775,-0.0319870125812963,26.08957,27.20885,26.83415,23.39572,23.25985,22.49954,21.48403,22.66356,23.34584,19.29617
116,MAR,2930,3000,2980,3090,3060,3020,2880,2880,3090,3200,1.2892074374743,1.34658267280361,1.39357546150501,1.41526843050764,1.40384162655748,1.36882070040432,1.32590216473171,1.28696129912794,1.25076295051273,1.22117870546902,13.1705,13.27892,13.23921,12.87496,13.25827,13.48392,13.55217,13.91456,13.58116,13.44048
117,MOZ,520,540,600,670,690,640,530,470,460,490,2.74365674235719,2.74931744330296,2.7531631636369,2.76904476204422,2.79857322547603,2.83474676145066,2.87208103472672,2.90067226108777,2.91361831836918,2.90700114585105,16.64926,16.31307,16.46958,16.65098,16.6766,16.68126,16.42798,16.25737,16.6806,16.44818
118,MMR,620,800,990,1160,1210,1170,1200,1180,1220,1270,0.695008953862852,0.767361731506144,0.826319491319885,0.849772298198154,0.822704165379198,0.76201232393419,0.689474129916256,0.633900885128423,0.608451681137062,0.625695404700204,29.45053,26.63846,28.51278,29.31366,26.07728,26.52866,29.2509,25.92626,26.0426,27.16498
119,NAM,4500,5130,5730,5950,5790,5310,4740,4620,4920,5170,1.8018943127387,1.7692116979486,1.75020985003618,1.74921013400862,1.77153966467204,1.80789772250956,1.8465539777408,1.87285953996,1.88328489392289,1.87040232780685,11.93522,12.0992,12.16913,11.85483,11.9326,11.87753,11.90338,11.97733,11.88239,11.81074
120,NRU,..,..,8870,13000,14920,13690,12720,12310,14500,16230,0.641477593094623,0.597670869659621,0.663204608535998,0.707828358359629,0.790363679123904,0.822731253553531,0.959331992808755,0.978583648861987,0.950371773207882,0.802168278666476,7.4968,7.57982,7.4037,7.37316,7.1829,7.27544,7.33435,7.44854,7.59188,7.40486
121,NPL,540,630,770,860,880,890,880,990,1120,1230,0.481202592360838,0.103647394163717,-0.192706459257694,-0.268486268243194,-0.040180015778352,0.404484777150552,0.915275489934662,1.34529588901848,1.66177642022913,1.80944248570395,39.77933,39.48479,40.43541,41.79461,40.29809,39.81822,38.42945,36.76309,40.05945,36.43171
122,NLD,54070,54590,52980,52980,52000,49850,46930,47160,51320,53230,0.512923100553586,0.466428782200821,0.370055034770235,0.294820793441482,0.359828172726548,0.443220089035769,0.532178879608489,0.591203366164118,0.583933408920832,0.65507157480522,15.01226,15.53418,13.74709,13.19624,12.48643,12.58504,11.59958,11.62645,11.48585,10.7416
123,NZL,29680,32230,36700,39930,41680,40660,39440,38870,41650,43050,1.1117260560215,0.762479795105218,0.548220797298334,0.768347998194806,1.66101200071152,2.0360339086492,2.24603210015584,2.08872272281936,1.79124016759035,1.59115889619722,9.34902,8.54013,7.67365,7.50781,7.19456,6.93597,6.90511,7.14232,7.44725,8.60929
124,NIC,1460,1570,1670,1740,1830,1890,1960,2030,1970,1890,1.35737160705997,1.34693557935178,1.33769299842878,1.32724327889097,1.31539317229669,1.30197873969913,1.28898863383271,1.27473066409974,1.25537577858764,1.22975908801825,19.92137,20.95415,20.1217,21.2362,20.25059,20.60811,19.55939,18.43793,17.24307,16.00181
125,NER,520,520,550,570,590,560,530,520,570,590,3.84416665603582,3.87641358325453,3.89874303777256,3.90731712034815,3.89984696834574,3.88145154449419,3.85984309179029,3.83900131197354,3.81673672075794,3.79420663603704,49.54739,49.57459,49.83186,47.72282,48.79553,52.86639,52.51137,52.41127,50.74433,50.15037
126,NGA,2150,2180,2440,2690,2940,2820,2430,2090,1960,2030,2.67144283048865,2.67788556977663,2.68092955479893,2.67690791037647,2.66500650321728,2.64740607245442,2.6276751510372,2.60766705440125,2.586551303075,2.56487195537782,52.84583,53.70578,54.53055,52.88635,53.95678,57.2825,57.1711,57.45214,56.52002,55.64206
127,MKD,4740,4840,4770,5030,5220,5130,5000,4940,5500,5890,0.21107377513823,0.171871346437471,0.121614265751721,0.144870083488649,0.166476984005751,0.133165884651483,0.109300286352773,0.0970341952851146,0.0826362901268217,0.022971838409121,34.53379,36.51749,33.87751,30.87741,30.38281,29.51055,28.22692,29.25548,30.05632,25.16804
128,NOR,88490,90330,99110,104190,104370,92910,81370,75650,80320,81670,1.24566617956207,1.297189390693,1.31344098868985,1.20914158930136,1.12773667734928,0.995084736958414,0.880969815359919,0.807673181884948,0.660090844249,0.675061373245644,7.86369,8.32307,7.32541,7.13364,6.61816,6.8203,6.32693,6.36199,6.33232,6.30111
129,OMN,16080,18620,22270,23340,21920,20160,18190,16130,16370,16430,5.58643325914853,6.66645722749049,7.32062229729818,7.34958283177602,6.73889353552856,5.7905914207208,4.84573377215671,4.08380596990524,3.44516591013401,2.96857894027324,35.53593,35.90277,36.9132,36.20723,34.69059,35.84203,35.53841,35.99423,36.67529,34.88286
130,PAK,970,1030,1120,1210,1230,1260,1360,1490,1670,1620,2.19703454391766,2.1587965238654,2.12622217687153,2.10324458397736,2.09245641637654,2.08855182687829,2.08632617723589,2.07757838708128,2.05754609472119,2.02296715968838,56.40357,55.33722,56.29123,59.05498,56.2618,55.89503,53.65099,51.97565,56.50438,50.13067
131,PLW,11400,12270,12760,12870,14150,15860,16720,16540,17380,16710,-1.85415310682776,-1.15400978178336,-0.638726982864775,-0.181622162418011,0.124900663449695,0.226693211277624,0.299579117873217,0.512287550402811,0.571110174925296,0.501226266544612,7.22831,7.60687,7.77952,7.77074,7.75975,8.01579,7.58828,7.49994,7.77358,7.82424
132,PAN,7260,8550,9540,10630,11190,12200,12780,13750,14490,14920,1.75791916002705,1.7359675150347,1.71610529133903,1.70425637555166,1.70266644495945,1.70730192071397,1.71342547401684,1.7115446013077,1.69263129326398,1.65193014674349,14.12765,14.78085,14.52209,15.21319,14.51812,14.86951,14.03824,13.38493,12.37203,11.77915
133,PNG,1740,1820,2270,2500,2990,2860,2710,2590,2600,2720,2.29321319778709,2.18756194972916,2.10303595947999,2.04146150645363,2.01269943044096,2.00622070097932,2.00249213453639,1.99017879640459,1.97474647313459,1.95370007291066,8.65084,8.27803,8.38956,8.38809,8.38693,8.96576,8.68582,8.8705,8.92571,8.88558
134,PRY,4050,4440,4750,5500,5800,5640,5420,5370,5600,5510,1.35430829278367,1.36648150233433,1.37243441106067,1.37280982867693,1.3616134394318,1.34288874047377,1.32376609888762,1.30717021817901,1.2878740141998,1.26523860853119,16.36973,15.8887,15.26003,14.33518,14.08261,13.00169,13.26532,16.35836,12.1112,12.30993
135,PER,4410,4970,5790,6420,6530,6340,6110,6060,6480,6840,0.812925977468265,0.811896398192238,0.825158485436818,0.901465289348181,1.05701942309521,1.25615925906743,1.48315720541552,1.66192767329954,1.7182682912873,1.6161567459337,29.59087,28.47326,29.99227,30.46651,31.47109,30.28824,29.48786,27.75851,28.81163,29.06587
136,PHL,2370,2520,2860,3160,3330,3380,3450,3530,3710,3850,1.6661133640265,1.69181178702327,1.70412578861596,1.69208799737211,1.64668215233623,1.57936252126472,1.50710255674413,1.44527760718223,1.39596533979435,1.36449622326603,23.81843,22.13145,23.35276,24.20666,21.54303,22.05308,23.90306,21.62402,21.51733,22.45141
137,POL,12740,12890,13160,13390,13560,13310,12720,12730,14150,15360,-0.285609121534849,0.0537697088781007,-0.000239076003298365,-0.0603600174744649,-0.0748462292920506,-0.0666411009657168,-0.04298513087435,0.0124800985844923,-0.000200132782838419,-0.0244271070993493,26.32189,27.01823,24.46697,23.36101,23.45474,22.58791,21.34448,21.9609,22.51081,18.82808
138,PRT,23030,22770,21170,21380,21200,20460,19940,20060,22060,23200,0.0459100367184907,-0.147084878575482,-0.405421787747567,-0.548815210952228,-0.539190466792077,-0.414141101993213,-0.315459016997883,-0.243889410358812,-0.160104021146769,0.0237334946497115,10.54772,10.67923,9.43022,9.44265,7.8954,8.67534,8.41931,9.03849,7.89586,7.34244
139,QAT,63620,66950,72880,79390,80890,73440,64550,56920,58830,61180,11.4833710187286,9.23184348445773,7.57537257117744,6.20148517007306,5.11490132315641,4.23975568526253,3.39762651032449,2.61575105799256,2.0687541103032,1.79524654253794,64.27163,63.84025,63.83774,61.36537,58.29297,65.9073,61.29524,63.11193,62.6647,59.03746
140,ROU,8640,8650,8760,9320,9700,9600,9620,10110,11430,12620,-0.593959183588628,-0.491866212866043,-0.445177936198383,-0.371323062878035,-0.374575497762261,-0.470052227864654,-0.573660845379617,-0.578007015146885,-0.587493307403584,-0.526814821936341,18.05504,18.67849,16.96099,15.95671,15.96018,15.41342,14.84775,15.3241,15.59612,13.30043
141,RUS,9980,11060,13490,15190,14630,11780,9730,9210,10250,11280,0.0448957880908489,0.077981777433695,0.168305035277726,0.212950704549247,0.217642262118,0.192557946508244,0.170245238698228,0.106870569429971,-0.0130668924933287,-0.0495686654330689,11.8813,10.52571,10.22086,10.46019,10.79947,9.48913,8.71282,8.38309,9.22426,8.88468
142,RWA,600,650,700,720,740,750,740,730,780,830,2.58885008064935,2.4985228270333,2.45979861275517,2.45195069689716,2.48552575680974,2.54270036203703,2.6024940114545,2.63976245281264,2.64406078348327,2.60731374636986,34.39619,34.80846,35.33117,34.87908,34.9263,34.68945,34.97191,34.7134,34.91829,35.65776
143,WSM,3450,3630,3660,3800,3820,3960,4110,4070,4050,4230,0.750886801099452,0.816794529594394,0.860430528411051,0.854663299630865,0.787611270664912,0.668864132591767,0.530860672023836,0.419597535845907,0.393373450356795,0.490819125766011,7.40466,7.48468,7.55718,7.63588,7.55472,7.75524,7.61736,7.67308,7.77359,7.77989
144,SMR,..,..,..,..,..,..,..,..,..,..,1.27648962734242,1.38051686722579,1.40533697168839,1.39507652563326,1.18178335464656,0.993800751461318,0.697889702987901,0.500194570138155,0.335038486999643,0.23651855869801,13.01652,13.43533,12.11762,11.72033,10.99926,11.41735,10.32921,10.55104,10.80798,9.84868
145,STP,1130,1180,1230,1430,1630,1650,1690,1700,1870,1950,2.52364978563294,2.27418932025697,2.0772236359715,1.93556125383945,1.88297041207015,1.87875940029521,1.87856316577205,1.88401091022563,1.88756148214117,1.8851478278935,31.73907,32.57917,33.15825,32.41367,32.11853,33.99913,34.44868,33.6171,33.8403,33.74991
146,SAU,18750,20880,24040,25440,25550,23710,21610,19990,21860,23220,2.92764323588465,3.03897438018909,3.09072464553231,3.03079439709524,2.83622090250505,2.55807744862499,2.2624230012955,2.00706639082931,1.8010622175453,1.66477670240957,56.55127,56.6517,58.60077,57.09528,52.95536,58.47575,55.75664,58.46789,58.30433,57.15638
147,SEN,1330,1300,1320,1340,1370,1310,1270,1280,1390,1440,2.74312787749023,2.7667570258595,2.78561459548468,2.79913166148371,2.80669872856731,2.80829036215636,2.80732966748881,2.80057660226301,2.78187970760459,2.74996220289833,36.73364,37.61465,38.97932,36.88208,37.6937,39.90025,38.67131,39.88987,39.07941,38.21284
148,SRB,6220,6190,6080,6460,6240,5960,5700,5570,6410,7040,-0.402005900874718,-0.789468997859736,-0.485299545092705,-0.486591387059998,-0.469489291237153,-0.494772574469842,-0.523694463062603,-0.532191341024444,-0.546351968633598,-0.536610017822353,29.42471,30.67586,27.87856,26.16852,26.27462,25.33298,24.24702,24.95485,25.86499,21.73909
149,SYC,10220,10570,11540,12700,13310,14160,14240,14660,15960,16680,2.79232906929128,-2.62865635521684,0.980980190128322,1.84687609296508,1.55539570911507,2.22979505321923,1.33763477950025,1.22403375818123,0.954291917891324,0.887925293341637,17.8967,16.78684,17.82111,18.27263,16.23041,16.50973,18.15396,16.36962,16.48274,16.95663
150,SLE,420,430,530,660,700,550,490,520,490,530,2.25256721055559,2.27459429500247,2.25001929332056,2.23024483169117,2.20708602343823,2.18142872081082,2.16462008761445,2.15406938155801,2.13663626508494,2.10903821950532,36.32017,37.26171,41.09574,37.75351,40.53461,42.52948,40.62177,40.24941,39.46253,39.4217
151,SGP,44930,48250,51710,54460,56380,53160,53250,54590,56670,58060,1.77183287926401,2.08490245606007,2.45339033031018,1.61930809858875,1.29844017799226,1.18637693749822,1.29743609938602,0.0885954699924263,0.469704298714121,1.14428330688929,16.89388,16.53947,15.20339,16.58208,16.62945,16.15997,15.48455,14.23202,13.12328,13.33302
152,SVK,17550,17510,17760,18200,18280,17700,16790,16620,18340,19250,0.0931912731899838,0.128936462723796,0.170183855326072,0.107458009492367,0.0970454215834878,0.0950338786482762,0.128922329956911,0.155178995687406,0.138508159611326,0.135328072840865,21.69566,22.65742,20.27122,19.47218,19.52392,19.04978,17.98092,18.4938,19.07598,15.89146
153,SVN,24620,24630,23260,23240,23620,22270,21790,22140,24640,25980,0.43607948463593,0.207732702329724,0.210024305900448,0.135726228915631,0.0983519219451147,0.075190689011533,0.0731972072415279,0.0651590392490152,0.362584395134764,0.696304046333357,19.68829,20.54985,18.73253,17.98375,17.91433,17.55293,16.73609,17.08411,17.77099,14.07638
154,SLB,1470,1620,1820,2160,2190,2130,2140,2220,2360,2370,2.43127551805425,2.55507020291129,2.650329874041,2.7078233621751,2.71941675327576,2.69783428578086,2.66748790965528,2.64331166884439,2.61108522453765,2.56539282268413,7.41903,7.37153,7.42724,7.54031,7.61513,7.85858,7.75892,7.79642,7.94788,7.8289
155,SOM,..,..,..,..,..,400,400,380,400,420,2.74573941935183,2.72266121595,2.70369419193737,2.7017534202225,2.71739579646015,2.74537714131231,2.77638699167351,2.80492970604885,2.83192542389384,2.85513551663708,14.3522,14.47293,14.60625,14.26601,14.25288,14.22371,14.39752,14.49673,14.4512,14.27733
156,ZAF,6880,7760,8370,8070,7370,6610,5990,5910,6340,6670,1.45528193348191,1.52451405625199,1.58135367305518,1.60436736931238,1.58378739591921,1.53224277341692,1.47193342939738,1.41694725378631,1.36370321600461,1.31629200967216,18.69321,18.66777,18.67658,18.81701,18.9779,19.13945,19.07406,19.37741,19.52362,19.74802
157,SSD,..,810,850,1160,1250,1090,..,..,..,..,3.9265272772907,3.33369599126706,2.83761652164451,2.35865931853706,1.91161097075419,1.51174412560417,1.08467779680228,0.719802049046745,0.595340534474696,0.782197030861146,21.21051,21.82681,21.91677,21.54355,21.23758,22.0609,22.37394,21.63901,21.9397,20.18219
158,ESP,31970,31020,29540,29230,29140,28450,27550,27100,29310,30380,0.460408305051304,0.355338396471428,0.0649259625617232,-0.327669039579687,-0.298951059088036,-0.077588861590047,0.0844301500680736,0.234587922968563,0.437982993728698,0.717715637103499,12.71701,13.08877,11.8292,11.21636,10.30841,11.11022,10.03888,10.20704,10.07741,9.3416
159,LKA,2410,2850,3360,3490,3640,3760,3810,3870,4040,4010,0.684559602845539,0.672689270325415,0.129846810394944,0.780301447580142,0.933207942647201,0.91981102654886,1.10498361865849,1.13022048648777,1.04839295829763,0.611875945764341,24.99107,23.20591,24.60746,25.47886,22.65567,23.08327,25.46074,22.98816,23.12285,23.87759
160,KNA,15270,15900,16070,17300,17340,17160,17900,18530,19780,21150,0.844180814941206,0.875550269318408,0.883990332068665,0.89214135413764,0.886221973644041,0.839385198969423,0.826587612596456,0.785225661948494,0.769573260355873,0.752340352327407,7.9259,7.52631,7.91165,7.75147,8.21795,8.59294,8.65734,8.96676,8.59213,8.05126
161,LCA,8170,8820,8850,8790,8840,8740,9430,10060,10720,10840,1.07937464193729,0.82716485691794,0.633747350995791,0.480576033839801,0.450800624034365,0.461059797609078,0.499501259900487,0.513598722226695,0.515372718122712,0.496319759662675,8.42728,8.33712,8.81156,8.55295,9.10296,9.61662,9.56065,10.02694,9.50754,8.97661
162,VCT,6410,6450,6740,6950,6790,6980,7290,7460,7990,8140,-0.0304775276772351,0.0507907202422738,0.11072665491156,0.174146243892115,0.224376163139309,0.244950880035656,0.303748598147779,0.327416124281717,0.349034148811457,0.346915924257476,8.85366,8.74973,9.23302,8.97443,9.55157,10.09276,10.05366,10.49894,9.94237,9.41283
163,SDN,1420,1610,1660,1670,1840,1920,2160,2420,1390,940,2.22824511570542,2.30259996034346,2.35980816804628,2.39896299523952,2.41210746724027,2.40720186967684,2.398795478465,2.39524232580927,2.39225797194196,2.39143408960219,22.00686,22.61182,22.60951,21.93584,21.39796,22.55149,22.41052,22.73444,21.88573,21.42613
164,SUR,7620,7920,8550,8950,9260,8890,6940,5940,5970,6190,1.14290868393583,1.13709445497525,1.12782032745196,1.11122257746214,1.08726253313589,1.05321474744821,1.02258948998451,0.989629209249985,0.957016884778029,0.929025561206018,11.35987,11.12067,11.85823,11.46335,12.23399,12.95795,12.90374,13.30251,12.7537,12.17056
165,SWE,54630,56700,59090,61800,61870,58420,54360,53030,55690,56420,0.852524628765313,0.755150133665177,0.739763272434863,0.847348652246305,0.992219728591882,1.05745468551674,1.25645398510305,1.34744505956262,1.16164515996039,1.01372226345511,7.51618,7.75897,6.90251,6.61276,6.2991,6.37266,5.87894,5.92993,6.09387,5.95539
166,CHE,79850,82280,87770,91700,89400,87960,84420,81880,83280,84260,1.0415580576588,1.11187894263206,1.06181932886789,1.14987975781229,1.22010397343287,1.13833715247736,1.09203117387253,0.933155888738653,0.736633975172522,0.713313668444329,12.7588,13.00391,11.73932,11.383,10.50995,10.81907,9.98995,9.88915,10.01045,8.96682
167,SYR,10800,6200,3070,1480,1200,1020,860,820,930,..,0.736079607629261,-1.32281945891584,-3.09727333893233,-4.30077509294503,-4.53341481500366,-3.88682264150975,-2.99965715561449,-2.14061860863601,-0.884869262656999,0.735380569237513,25.07604,24.6198,24.69551,24.45901,24.12911,24.75272,24.43168,24.82528,25.1301,25.14079
168,TJK,920,1020,1150,1330,1350,1260,1110,1030,1030,1070,2.18439215473896,2.2347212083873,2.27761028692613,2.32138959348237,2.3669420480681,2.40860201118626,2.44855053416867,2.47045070066645,2.45355241672442,2.3904900507883,63.40423,71.80428,71.50028,67.16655,63.46351,63.27915,62.72654,59.38627,58.57753,53.64558
169,TZA,720,770,810,890,970,980,970,970,1030,1100,2.91188894130246,2.94841893616366,2.97566283977017,2.99406163441165,3.0018010574385,3.00106704071869,2.99757445799282,2.99181230291284,2.97948065987158,2.96038624624594,15.45167,15.32795,15.55412,15.36198,15.34867,15.59429,15.60301,15.19631,15.4112,15.36389
170,THA,4580,4950,5520,5720,5760,5710,5700,5970,6610,7250,0.489622687570703,0.480052607326658,0.469272819846721,0.453815887976248,0.430842608467137,0.402136059408841,0.373014846949147,0.345205219913361,0.315406676202042,0.283525943067606,26.36311,24.16447,25.65632,26.61528,23.6639,24.10254,26.42045,23.54318,23.68253,24.63927
171,TLS,2850,3730,3570,3210,2710,2200,1750,1800,1820,2050,1.77428525606029,1.77983200773094,1.76733197676188,1.77462460012491,1.80833335713318,1.85281178758374,1.90394572558387,1.94690600412748,1.96841777174323,1.96367631756303,20.7535,19.57411,20.7288,21.11583,19.27231,19.42989,21.20142,19.49366,19.65762,20.47387
172,TGO,560,610,590,620,640,640,670,720,880,920,2.6962976659218,2.67753252488233,2.66091060739875,2.63574468461472,2.60114952364707,2.56099971332713,2.51868723622311,2.47933129149683,2.44590389318048,2.42023592434892,34.98097,35.81539,35.95685,34.79041,34.92123,38.24957,37.52358,37.25126,36.83061,35.65757
173,TON,3370,3810,4320,4540,4600,4440,4410,4590,4800,5150,0.0808166372313784,-0.407634792241863,-0.796925116929663,-0.946687819778272,-0.734749916526792,-0.240829043618987,0.359543381433553,0.845706386838955,1.16667421428571,1.24991997807739,7.14405,7.05185,7.1031,7.09433,7.20356,7.25668,7.39788,7.38038,7.46988,7.52079
174,TTO,16460,14970,16850,18770,18590,19030,16870,16120,16120,16740,0.54532583381721,0.603231766736281,0.644091695000638,0.659178039299363,0.635411345010537,0.585143887675024,0.526294977845311,0.470521283059585,0.416814325359264,0.36828406936599,9.79285,9.44151,9.97297,9.79067,10.34355,10.94219,10.95355,11.27068,10.71643,10.26482
175,TUN,4190,4110,4320,4370,4390,4190,3980,3750,3760,3620,1.0354454908345,0.997589003956057,0.973852315022298,0.972083635406281,1.00150981471964,1.04982516714664,1.1029429551085,1.1390705538875,1.14586285100402,1.11366949118351,26.67751,25.54363,25.40391,25.75134,27.01053,26.13071,27.58332,26.13183,27.21906,26.52402
176,TUR,10490,11310,11960,12600,12630,12030,11260,10970,10510,9690,1.40008860606542,1.53156607830159,1.63114823337747,1.69274545557577,1.70264361643927,1.66948158450263,1.63994240407574,1.60131223365858,1.49723204842519,1.31451369970442,23.73719,23.27972,22.7553,23.0713,22.85719,22.95707,22.53114,22.88792,23.28703,23.25106
177,TKM,4070,4730,5560,6510,7200,7030,6830,6380,6740,7220,1.57024944886588,1.69310292263253,1.79721676532165,1.85198802269048,1.84535409057192,1.79414757129201,1.72948721092205,1.66896488441613,1.60634794553413,1.54657591124514,31.48364,35.85101,35.59832,33.52481,31.92663,31.44058,31.22765,29.49465,29.17182,26.40925
178,TUV,4520,4790,4520,5690,4760,5580,5300,5070,5820,6240,1.03182342783917,0.993056820260079,1.10436311921849,0.972545061937715,1.13648001683484,1.14173041611804,1.1911833113613,1.17716100210512,1.22432661828226,1.29535490003912,6.76436,6.94843,6.86974,6.81201,6.78081,6.94864,6.69649,6.84562,6.93967,6.80654
179,UGA,680,850,830,800,820,830,800,740,750,780,3.18660981826466,3.18245207318546,3.18075022852585,3.23378200993576,3.3526820776788,3.49774773005758,3.65686446958378,3.75568661067387,3.72516390592513,3.54193220575762,31.29329,31.4937,32.14039,31.79322,31.42753,31.65182,32.08328,31.27824,31.72916,31.31261
180,UKR,3030,3150,3650,3950,3560,2800,2360,2360,2750,3310,-0.397263167656909,-0.359600092788762,-0.246976481186878,-0.227691350050529,-0.479262000344597,-0.261249679711809,-0.331333796371949,-0.386345310894755,-0.466425620896808,-0.530994160113763,17.81272,16.5497,15.61071,15.98508,16.58483,14.66802,13.33379,12.93489,14.23927,13.50727
181,ARE,33400,35030,39220,42840,44370,42870,40550,39280,41470,43830,7.68722216681039,4.53624184406951,2.15417385990529,0.614086082306359,0.176775197578861,0.527292387564473,1.05327089864392,1.33947023681167,1.50393782063358,1.43867705802644,43.70844,43.53498,43.93421,42.88311,41.33546,43.92792,42.88604,43.32676,43.09622,41.7495
182,GBR,41940,41300,41940,42920,44670,44730,43460,41880,42410,43460,0.783888646646516,0.781506562236639,0.695353132322269,0.669740535540783,0.736463978721671,0.792367505802859,0.757874492811929,0.679374473924223,0.605929132212552,0.564131113399897,13.17134,13.41139,12.13746,11.82121,10.95413,11.08279,10.18747,10.09013,10.06647,9.51575
183,USA,49150,50620,52790,53990,55800,56620,57140,59250,63490,65970,0.829616674709795,0.726786704810745,0.733599941250847,0.692860276624581,0.733361519937424,0.73621730882542,0.724676067451429,0.63264399508256,0.526435395564053,0.455381285963537,9.28664,9.36109,9.07419,8.75496,8.62258,8.31036,7.54403,7.95602,8.13413,7.17987
184,URY,10440,12060,13330,15330,15790,15620,15440,15920,17280,17770,0.286095677460416,0.286941769207782,0.297840985772009,0.309112680350726,0.324100506456905,0.339789877002899,0.354761354566368,0.364565153230285,0.367270798048567,0.360034022145695,9.18128,9.19783,9.034,9.72178,9.51708,9.90392,9.74647,9.27199,8.81777,8.47571
185,UZB,1410,1730,2160,2430,2600,2740,2790,2470,2110,1870,2.82284968340424,2.68401550537804,1.47209998811321,1.56190433294848,1.68690035915161,1.74425837484667,1.73884926199094,1.68350632535532,1.73698637655233,1.87647016682647,48.51926,55.09954,54.87665,51.60295,48.70482,48.46156,48.09068,45.48117,44.62058,40.97948
186,VUT,2600,2800,2830,2960,3000,2820,2830,2900,3170,3440,2.56070245091676,2.69064039319617,2.78259104658423,2.81836800127082,2.78621356221544,2.70662633869409,2.62020544375229,2.54454379327002,2.48242519027756,2.43262855812858,8.08733,8.2336,8.19068,8.31014,8.35515,8.62408,8.6638,8.61743,8.80598,8.42148
187,VEN,11810,11980,12710,11970,13080,..,..,..,..,..,1.44831682023004,1.56273221245691,1.62394832481717,1.42107799589325,0.875663915804975,0.129244522754409,-0.769455375977454,-1.51476569807441,-1.76833073456765,-1.29363805789461,20.66606,20.71004,19.87092,21.0044,19.83872,20.12396,19.64719,18.70915,17.06222,16.21392
188,VNM,1360,1610,1970,2190,2380,2460,2570,2700,3030,3280,1.00012883807904,1.02210108439886,1.04162218011767,1.05306229998885,1.05363581050321,1.04478105455123,1.03410736725231,1.02019850123199,0.994310472332801,0.954289022188918,22.36823,20.67487,21.67103,22.62388,20.07941,20.46553,22.37486,20.09941,20.09202,20.8923
189,PSE,2510,2880,3210,3470,3560,3670,3900,3930,4190,4270,2.59703221798976,2.52518683079236,2.46768715003228,2.40084831983677,2.3440772109436,2.29048005844149,2.24610527580178,1.98868634871278,2.5330114844554,2.51178246264674,29.4186,28.7703,29.45407,29.84821,30.03145,30.4868,30.29228,29.81358,30.51881,30.8191
190,YEM,1200,1080,1260,1440,1460,1200,1160,1080,910,820,2.79576596218166,2.77998348073705,2.75733912273244,2.71653983243359,2.65414064347765,2.57803021578508,2.49827722501685,2.4239891818803,2.3570444080705,2.30059414962983,38.82749,41.0284,42.48632,41.02003,38.27183,41.06106,39.90644,41.32087,41.6231,41.60944
191,ZMB,1340,1420,1690,1760,1800,1580,1370,1300,1440,1430,2.914654960089,3.02031866512706,3.10291403534601,3.13994035081307,3.12124942934151,3.06667147171294,3.00293455383552,2.95146304797564,2.91265326328102,2.89301773705047,17.08674,17.33064,17.55181,17.2438,17.29111,17.4341,17.31679,16.9852,16.98833,16.8967
192,ZWE,700,1060,1260,1320,1370,1390,1390,1350,1350,1210,1.35396387573417,1.53640571630567,1.69808373055654,1.77767247608678,1.7547410030553,1.66369350951633,1.54929408793871,1.45940581314681,1.41038154233327,1.42114188586135,13.27519,13.26777,13.20859,13.09511,13.12364,13.26748,13.09256,13.15097,13.11527,13.07553
