Series Name,Series Code,Country Name,Country Code,2010 [YR2010],2011 [YR2011],2012 [YR2012],2013 [YR2013],2014 [YR2014],2015 [YR2015],2016 [YR2016],2017 [YR2017],2018 [YR2018],2019 [YR2019]
Population growth (annual %),SP.POP.GROW,Afghanistan,AFG,2.74661463795293,3.14310555651301,3.40760003260595,3.49459192739625,3.35560233082199,3.07705362914441,2.77803478841236,2.54783303994568,2.38430907940751,2.31307334941778
Population growth (annual %),SP.POP.GROW,Africa Eastern and Southern,AFE,2.74740956025077,2.75661924889133,2.76342579830968,2.76149556849235,2.75040021306161,2.73259763999667,2.71221797789649,2.69090172827046,2.66561953897049,2.63666633689952
Population growth (annual %),SP.POP.GROW,Africa Western and Central,AFW,2.7873725353495,2.775170988939,2.76380250826622,2.75356415432408,2.74554220539586,2.73833156598,2.73033179083436,2.71932994204438,2.7041680375953,2.68415173928712
Population growth (annual %),SP.POP.GROW,Albania,ALB,-0.49646196338738,-0.269017331764615,-0.165151040121679,-0.183211384606402,-0.207046999760594,-0.291205786840436,-0.159880412127734,-0.0919722937442495,-0.246732042281782,-0.426007367032238
Population growth (annual %),SP.POP.GROW,Algeria,DZA,1.80500474736452,1.88330858570333,1.95146367479529,2.00270360530766,2.03358715504452,2.0453720881528,2.05135237337878,2.04490931275225,2.00739866314238,1.93398334424168
Population growth (annual %),SP.POP.GROW,American Samoa,ASM,-1.04826295347074,-0.588347444156001,-0.154365337947318,0.0861867792564065,0.132725922558567,0.026882443238318,-0.120130903326101,-0.219117153655893,-0.280883888014678,-0.269018785914943
Population growth (annual %),SP.POP.GROW,Andorra,AND,-0.008288192290815,-0.839471761400757,-1.58992366767347,-2.03074436920753,-1.94651826894114,-1.55213476921424,-0.898980862435393,-0.38628103925755,0.0142852505031622,0.179041785311253
Population growth (annual %),SP.POP.GROW,Angola,AGO,3.67149333263444,3.63415021537353,3.59775453949706,3.55199742692341,3.49744741099259,3.43886936840162,3.37826943218091,3.32215836256296,3.2761445879162,3.24291402840967
Population growth (annual %),SP.POP.GROW,Antigua and Barbuda,ATG,1.47279415442432,1.37637551869337,1.28802773688723,1.2126557898666,1.14304343305706,1.08418161589205,1.00909459019292,0.952914631258636,0.894078681398432,0.861445783881833
Population growth (annual %),SP.POP.GROW,Arab World,ARB,2.38321483027832,2.32938283425813,2.28022577330127,2.22347820095197,2.1605041123413,2.09550643402568,2.02374198504567,1.95522137783333,1.91996644194494,1.9097882611198
Population growth (annual %),SP.POP.GROW,Argentina,ARG,0.752217992640236,1.15305928006386,1.13690569378967,1.11910919999772,1.09946109101836,1.07800134449604,1.05718157762752,1.03713389686514,1.01580834908002,0.993397493293046
Population growth (annual %),SP.POP.GROW,Armenia,ARM,-0.373954889662394,-0.0270427628367578,0.26742945492201,0.461930535014127,0.509812126446043,0.450705991935445,0.361260408326477,0.293899005891436,0.235799808401976,0.202624027586126
Population growth (annual %),SP.POP.GROW,Aruba,ABW,0.20973141399036,0.377979489354876,0.503385467824644,0.583290430309314,0.590508188771418,0.541048337127457,0.502859513587608,0.471874002595904,0.459265888430662,0.437414675818993
Population growth (annual %),SP.POP.GROW,Australia,AUS,1.55548958906995,1.38952731561803,1.74582000067359,1.721151439989,1.49156648912847,1.43921665259925,1.56194049810399,1.68452310845434,1.53610551570388,1.52165367749095
Population growth (annual %),SP.POP.GROW,Austria,AUT,0.240394299500766,0.337080841831645,0.45593747231891,0.589387254692989,0.781541632525841,1.12099250236958,1.08139629872802,0.694621103604983,0.487071924768999,0.444673639004876
Population growth (annual %),SP.POP.GROW,Azerbaijan,AZE,1.18978770786007,1.30300085487651,1.32876382733755,1.29344702700591,1.24820899735588,1.19120985807018,1.11785721013911,0.98126180450475,0.866316916370841,0.846646726414021
Population growth (annual %),SP.POP.GROW,"Bahamas, The",BHS,1.51478477511973,1.30075351976794,1.10570789821922,0.980106184007713,0.93876021994633,0.959964408799924,0.990005732547738,1.00728534144547,1.01280016721917,0.993659489537656
Population growth (annual %),SP.POP.GROW,Bahrain,BHR,4.60018474525212,2.96081559234807,1.69035809880424,1.15390705309184,1.5875995721769,2.64276663660774,3.85657694585171,4.67804747089484,4.92102429600582,4.4686878342058
Population growth (annual %),SP.POP.GROW,Bangladesh,BGD,1.1248068966134,1.14382867124819,1.15400610453827,1.15595091365323,1.1429302161114,1.11909103277687,1.09528840382819,1.07553524898766,1.05357030023873,1.02919664944804
Population growth (annual %),SP.POP.GROW,Barbados,BRB,0.363612230788636,0.302945811200443,0.250933189719929,0.20986218775708,0.186604261703996,0.176093438142998,0.164937660504219,0.150692216122692,0.143488326481972,0.132831081778268
Population growth (annual %),SP.POP.GROW,Belarus,BLR,-0.218522755959381,-0.234282914157686,-0.156617600248906,-0.0383800002667846,0.056151567510169,0.132853236725342,0.0877210878706449,-0.109782322950581,-0.213824206997671,-0.201786600970723
Population growth (annual %),SP.POP.GROW,Belgium,BEL,0.913639391631709,1.3010029017038,0.620163579337378,0.471340143966627,0.44392928847521,0.579446241677791,0.506300002451376,0.385228018372369,0.455184695275022,0.540461327098122
Population growth (annual %),SP.POP.GROW,Belize,BLZ,2.45178026956863,2.38129471621378,2.32413036818372,2.25427414346617,2.19127515015067,2.11686041760718,2.04936387658783,1.98239700826474,1.9229790570947,1.88259837762914
Population growth (annual %),SP.POP.GROW,Benin,BEN,2.80597623284658,2.80376175488743,2.79772118064924,2.79071643360586,2.78209237028195,2.77183788570358,2.76136092814418,2.74990222166209,2.73485620295269,2.71521854979345
Population growth (annual %),SP.POP.GROW,Bermuda,BMU,-0.783118104363585,-0.863616495823495,0.361775877335588,0.312791570829084,0.210544188304464,0.151869636092964,-1.05247097968271,-1.0605345960762,0.0704274978050419,-0.0109521313739413
Population growth (annual %),SP.POP.GROW,Bhutan,BTN,1.051899559473,1.13070622314478,1.18793062766492,1.22581161024797,1.23391673082009,1.22080001903125,1.2045829397843,1.19507395930716,1.17777914017278,1.14637925209774
Population growth (annual %),SP.POP.GROW,Bolivia,BOL,1.64358106824134,1.62235980079652,1.60004361529199,1.57457928674147,1.54497716852867,1.51294243320221,1.48019596651052,1.449144413215,1.42189080360535,1.39913335536684
Population growth (annual %),SP.POP.GROW,Bosnia and Herzegovina,BIH,-0.818853335966774,-1.20286774011291,-1.54695841535682,-1.74536474373628,-1.72230731218996,-1.52630451114807,-1.26472845809142,-1.03088019890592,-0.827063451812447,-0.692266996375143
Population growth (annual %),SP.POP.GROW,Botswana,BWA,1.70592328995544,1.41413550355517,1.19090216555368,1.12138806019311,1.25595158309984,1.52506854883531,1.83197313579572,2.06884765539921,2.1974164684246,2.1781688165261
Population growth (annual %),SP.POP.GROW,Brazil,BRA,0.937959306704135,0.915965178459778,0.893525506727112,0.873605695817564,0.855795964130977,0.838838953278811,0.823752152538353,0.807145245445964,0.783844259734468,0.751550842096973
Population growth (annual %),SP.POP.GROW,British Virgin Islands,VGB,2.77598026181127,1.88879853401238,1.15129386789758,0.681694348292795,0.466846183758763,0.560784501633955,0.707658970811351,0.719598502488329,0.76817196579097,0.795618290651402
Population growth (annual %),SP.POP.GROW,Brunei Darussalam,BRN,1.22507149994452,1.29181506558269,1.33977207261274,1.34852076714032,1.31764439034594,1.24557202006897,1.168569853619,1.11102778339034,1.04964282773986,1.00574227362596
Population growth (annual %),SP.POP.GROW,Bulgaria,BGR,-0.658275446635908,-0.641228920515067,-0.579220596364389,-0.559647217410859,-0.568389264052903,-0.638069468160719,-0.701382097841331,-0.730443175298289,-0.722080405222853,-0.703905641117455
Population growth (annual %),SP.POP.GROW,Burkina Faso,BFA,3.01921284414061,3.00904517611233,2.99740381221435,2.98166398413105,2.96187533312778,2.93935056790969,2.91521308067141,2.89075088175118,2.86697911426999,2.8445964977375
Population growth (annual %),SP.POP.GROW,Burundi,BDI,3.25619646076404,3.20771300738314,3.15978509519121,3.13349808169981,3.13675679189263,3.15690795388679,3.17701485540777,3.18120007897113,3.16691169681282,3.1289321480628
Population growth (annual %),SP.POP.GROW,Cabo Verde,CPV,1.22066926970069,1.25346824532103,1.27140570454365,1.27811403978747,1.26912353358353,1.23949829305891,1.21227381499617,1.19012595595116,1.15884296629081,1.12865786215008
Population growth (annual %),SP.POP.GROW,Cambodia,KHM,1.53915213466393,1.58885279806388,1.63044345047096,1.6498363404781,1.6381168470705,1.60368077118284,1.56521446599878,1.53027452708458,1.49034315597302,1.44641184190217
Population growth (annual %),SP.POP.GROW,Cameroon,CMR,2.74773375136593,2.74047937968109,2.73124948919439,2.71824868984878,2.70152461390938,2.68184811095466,2.66050206631452,2.63775433447287,2.61228416133822,2.58417898206639
Population growth (annual %),SP.POP.GROW,Canada,CAN,1.11186407517168,0.978697786570341,1.08581726304756,1.05659125917789,1.00533757867378,0.746339477969813,1.13234865466606,1.19952071057872,1.41245586917998,1.43613682316886
Population growth (annual %),SP.POP.GROW,Caribbean small states,CSS,0.689442961507453,0.705186275498178,0.71589821494662,0.716493416885356,0.703717300161514,0.67964574333412,0.653374589477409,0.626889344834524,0.601138270688168,0.576986134803036
Population growth (annual %),SP.POP.GROW,Cayman Islands,CYM,2.41276783222714,2.10398074443089,1.85900594957737,1.63171430781768,1.51516795672215,1.42452783813017,1.35658032447898,1.29898766487121,1.23870690281221,1.20199712360386
Population growth (annual %),SP.POP.GROW,Central African Republic,CAF,1.12655511715726,0.723967672972794,0.401398611232931,0.259647553067029,0.364133903303029,0.647515777004538,0.985784078923095,1.2774834969372,1.5191174668345,1.67466162763351
Population growth (annual %),SP.POP.GROW,Central Europe and the Baltics,CEB,-0.361666299699507,-0.23693312734882,-0.229154983893395,-0.213201830007392,-0.209757192601487,-0.230243282701295,-0.255290913083385,-0.246809827629463,-0.196249607675014,-0.136492212077599
Population growth (annual %),SP.POP.GROW,Chad,TCD,3.33466929345193,3.3635382470264,3.37076756399417,3.35106893405564,3.29689942062191,3.22199984419079,3.14393299725849,3.07750673636919,3.02350454795029,2.98613014725798
Population growth (annual %),SP.POP.GROW,Channel Islands,CHI,0.963188270893047,0.793249105093048,0.656884924921003,0.607833548801146,0.65292181113547,0.77695280580967,0.923845527837761,1.03937906031209,1.079140799544,1.03163477664924
Population growth (annual %),SP.POP.GROW,Chile,CHL,1.03891170046699,0.997514840169031,0.96307999965156,0.978805917146093,1.06117867141393,1.17771785691816,1.32520687841934,1.42514142087535,1.39106423293431,1.18293256569455
Population growth (annual %),SP.POP.GROW,China,CHN,0.482959688678361,0.546457594880274,0.678345458846803,0.666072977690069,0.630326389541893,0.581456146657648,0.573050906069647,0.605245013482969,0.467672053461959,0.354740890170827
Population growth (annual %),SP.POP.GROW,Colombia,COL,1.05064996242948,0.968365031109833,0.900335047336095,0.906920982436048,1.0104897504141,1.1704451989867,1.3676499516175,1.51374743470421,1.52423594388212,1.35678804331132
Population growth (annual %),SP.POP.GROW,Comoros,COM,2.41327037744548,2.41826786302,2.41713114831259,2.4085085351559,2.38254831579554,2.34845598521899,2.30927369612098,2.27324455021872,2.23941634435226,2.20646505841421
Population growth (annual %),SP.POP.GROW,"Congo, Dem. Rep.",COD,3.33113330807202,3.33767597445113,3.33757066956072,3.33135585036626,3.31967815794583,3.3028191819646,3.28293417455056,3.25850577170009,3.22669886135312,3.18708626507603
Population growth (annual %),SP.POP.GROW,"Congo, Rep.",COG,3.04895683882158,2.79427264189258,2.59092527223385,2.46504470838409,2.440535491773,2.48375698671647,2.53956659003454,2.57067057638817,2.58172086705774,2.56282646096789
Population growth (annual %),SP.POP.GROW,Costa Rica,CRI,1.24493397923295,1.20983529009945,1.17835234575071,1.14757030077983,1.1172644537537,1.0870985434196,1.05736605443833,1.02787999000234,0.994802059847413,0.957865009385917
Population growth (annual %),SP.POP.GROW,Cote d'Ivoire,CIV,2.33453614556572,2.38552681012208,2.43594320427159,2.47667884960598,2.50449558970766,2.52216477826712,2.53612860524997,2.54778157022741,2.55232234123969,2.54938709160815
Population growth (annual %),SP.POP.GROW,Croatia,HRV,-0.226821270818422,-0.345264228485821,-0.305655944795909,-0.278509062850129,-0.407343184777633,-0.824099163913538,-0.69838345731273,-1.20061016480925,-0.893486927711056,-0.554146739042888
Population growth (annual %),SP.POP.GROW,Cuba,CUB,-0.0078209400275259,0.0964985990967583,0.1817480467984,0.22724223275672,0.214142579335342,0.157902541706838,0.0911831698686808,0.036578756776887,-0.00978066226269748,-0.0411262892496893
Population growth (annual %),SP.POP.GROW,Curacao,CUW,1.26551415533004,1.42089766276671,0.829929595036991,1.13367890654299,1.34764139563651,1.31959390251523,1.06031644056836,0.319536038312865,-0.525178744011738,-1.19643951751799
Population growth (annual %),SP.POP.GROW,Cyprus,CYP,1.31435017990175,1.09232382023245,0.903504247637881,0.774057448341904,0.734358831588459,0.751316386354157,0.789476881596144,0.808217946249284,0.80854929846874,0.779957016025289
Population growth (annual %),SP.POP.GROW,Czech Republic,CZE,0.29136167418042,0.206747667335417,0.139925655740972,0.0331699460503076,0.105277581527518,0.196588748472653,0.192048415842684,0.265642663548985,0.334427262299794,0.393788864202175
Population growth (annual %),SP.POP.GROW,Denmark,DNK,0.444197154509531,0.411737855195019,0.376272242619955,0.416901360752097,0.507053283010163,0.706423849687002,0.780392644135167,0.643350903737356,0.495838925879129,0.358130915892652
Population growth (annual %),SP.POP.GROW,Djibouti,DJI,1.48370781049189,1.59130561077479,1.6802510753989,1.73119808534073,1.72966983945298,1.68713196053581,1.64062894888599,1.59974199816625,1.55786869505917,1.51455950269865
Population growth (annual %),SP.POP.GROW,Dominica,DMA,0.0409243258489963,0.0493691340102498,0.0592108062919439,0.091566712743407,0.101329964338399,0.118088664559983,0.1852866155223,0.214335327593936,0.23202839477624,0.253775391715059
Population growth (annual %),SP.POP.GROW,Dominican Republic,DOM,1.22855325822389,1.21079976113526,1.19223652132696,1.17433819883707,1.15722499834282,1.13948330027521,1.12250979934744,1.10348624035038,1.07886200909288,1.04662057856427
Population growth (annual %),SP.POP.GROW,Early-demographic dividend,EAR,1.52282062146607,1.49614799160219,1.45432355830573,1.42726346962804,1.40270801807661,1.37907753512323,1.35428545911229,1.32869883249593,1.30759887707752,1.28916576664504
Population growth (annual %),SP.POP.GROW,East Asia & Pacific,EAS,0.676314793294381,0.711097483011059,0.797946808180086,0.785237699791821,0.760505772872392,0.722074344255347,0.707112182416367,0.711239441813305,0.618076200643685,0.540630062102679
Population growth (annual %),SP.POP.GROW,East Asia & Pacific (excluding high income),EAP,0.713952784552262,0.762252456580924,0.855373834810209,0.845605458430001,0.814305939670419,0.770191502404288,0.752490431152935,0.763178898392567,0.659751380676312,0.57488397616558
Population growth (annual %),SP.POP.GROW,East Asia & Pacific (IDA & IBRD countries),TEA,0.716800707666664,0.765513664057792,0.859685553922802,0.849724072532169,0.818079492533002,0.773549980892611,0.755764134866354,0.766692193794924,0.662116174211008,0.57637572311593
Population growth (annual %),SP.POP.GROW,Ecuador,ECU,1.58940945340249,1.5387578951487,1.4989154903973,1.49689924339943,1.54370951998338,1.61793842153926,1.70687458770944,1.76850279585209,1.76565269522798,1.67917269268893
Population growth (annual %),SP.POP.GROW,"Egypt, Arab Rep.",EGY,1.98480507963281,2.11377559615712,2.21474099517289,2.26795425995553,2.25925135870425,2.20702533886058,2.14522226806526,2.09083266789985,2.0332723991851,1.97628022437557
Population growth (annual %),SP.POP.GROW,El Salvador,SLV,0.424566261779668,0.43067750767237,0.439491797451583,0.450320730659221,0.462504406912423,0.475379938992478,0.489163801354667,0.501983868180685,0.509273429616579,0.509699113997832
Population growth (annual %),SP.POP.GROW,Equatorial Guinea,GNQ,4.55859753598786,4.47844612368567,4.39405251755149,4.29188431716242,4.17228049316185,4.04289647772825,3.910797910143,3.78110663523236,3.65334093213133,3.52884025293578
Population growth (annual %),SP.POP.GROW,Eritrea,ERI,1.60620728106538,1.36371886893331,1.1180373862657,0.95993162811431,0.909803592359427,0.942981580368309,1.0042683597868,1.07037642858431,1.1624015499457,1.27542875493828
Population growth (annual %),SP.POP.GROW,Estonia,EST,-0.22805796852935,-0.303582823643979,-0.357944411443807,-0.355891802625531,-0.262256175097854,0.0655525295417938,0.0291122255540077,0.121070631466687,0.348039137980543,0.368313695574019
Population growth (annual %),SP.POP.GROW,Eswatini,SWZ,0.695379475450237,0.672762228049404,0.674567033429102,0.697837862901262,0.749729090602264,0.819991316155699,0.897738794178433,0.966059893032549,1.014213397419,1.03826564467004
Population growth (annual %),SP.POP.GROW,Ethiopia,ETH,2.78375692665143,2.81261373694903,2.82962796762188,2.82701488481635,2.79992468847357,2.75611161556288,2.70807265338359,2.66341448153029,2.61996917105787,2.57969708764895
Population growth (annual %),SP.POP.GROW,Euro area,EMU,0.23574335028826,-0.21770720618153,0.220482904555837,0.339991290852652,0.343941814227193,0.303179467875282,0.292608835138282,0.216013924152847,0.223297038948303,0.0889478148948371
Population growth (annual %),SP.POP.GROW,Europe & Central Asia,ECS,0.390690539138077,0.251411099970639,0.406589391763276,0.47739192080256,0.483880291812994,0.476733283000868,0.463313674591674,0.410357130364773,0.374230581423191,0.302446958071585
Population growth (annual %),SP.POP.GROW,Europe & Central Asia (excluding high income),ECA,0.574768039765388,0.61556595688954,0.615022956564417,0.672966353057603,0.667702436320198,0.680088324637268,0.660634966718405,0.616357387217434,0.543599572820241,0.498230144190813
Population growth (annual %),SP.POP.GROW,Europe & Central Asia (IDA & IBRD countries),TEC,0.437868981383986,0.506814531151448,0.505002383636622,0.554046335963704,0.547809576527783,0.551979789113389,0.534920712986491,0.497631192047891,0.437056224621529,0.402187492413276
Population growth (annual %),SP.POP.GROW,European Union,EUU,0.139394235979154,-0.177886373302854,0.147238215165672,0.243212931975847,0.250233310447911,0.218020030020739,0.212345573780311,0.156820031833419,0.163332878695186,0.0632554128908964
Population growth (annual %),SP.POP.GROW,Faroe Islands,FRO,-0.0230084609400646,0.025099876724043,0.0585418904841778,0.121156431932627,0.133519724423689,0.187461000533659,0.245250985462817,0.31710199733865,0.353222225693126,0.370469890859404
Population growth (annual %),SP.POP.GROW,Fiji,FJI,0.721353944911169,0.421873730679218,0.186749844268206,0.0620570008249373,0.0975723050605574,0.251861863930646,0.433535156741165,0.577645837253693,0.684860282111394,0.729092657357544
Population growth (annual %),SP.POP.GROW,Finland,FIN,0.457494535465831,0.463558707499131,0.475809486683209,0.460723772785295,0.413560207519414,0.329383885818507,0.287421401687637,0.234670531705453,0.132641040791912,0.110191690491055
Population growth (annual %),SP.POP.GROW,Fragile and conflict affected situations,FCS,2.34324635431955,2.35625588742796,2.36710687080392,2.35235870167425,2.2974734891164,2.25591710696065,2.19393913761144,2.14690649276656,2.13472068952431,2.1652468755383
Population growth (annual %),SP.POP.GROW,France,FRA,0.494040602950225,0.483675544447657,0.483998961260596,0.514773829097755,0.473706907839969,0.355569240058298,0.263868788565368,0.29020211635109,0.274451849056795,0.218824148997353
Population growth (annual %),SP.POP.GROW,French Polynesia,PYF,0.448745827848425,0.46915658616853,0.481837052041604,0.495804118415203,0.509552892497902,0.516123546754037,0.532049201477854,0.556400386544863,0.565206883686247,0.578860345386691
Population growth (annual %),SP.POP.GROW,Gabon,GAB,3.45914677152663,3.65632223436154,3.78858379514105,3.77941142417916,3.60662305351134,3.33525107312594,3.04363801829034,2.79587459437534,2.60348679566927,2.48404317871067
Population growth (annual %),SP.POP.GROW,"Gambia, The",GMB,2.99568796782189,3.01796344575918,3.03116971169135,3.03420154965796,3.02595091827443,3.00872083418281,2.98837300675649,2.96906958481079,2.94601268814255,2.92186286632026
Population growth (annual %),SP.POP.GROW,Georgia,GEO,-0.729475256932528,-0.802164039694326,-0.736565518814038,-0.300972141406188,0.0469539002549217,0.157481405176007,0.0598165991047394,0.0133860746662629,-0.0390365463489613,-0.171565740223868
Population growth (annual %),SP.POP.GROW,Germany,DEU,-0.153198446937304,-1.8537146287573,0.187727800567293,0.272900214681538,0.416877359168292,0.865702643950251,0.807218538573871,0.373724559895838,0.300526701992065,0.22551987421288
Population growth (annual %),SP.POP.GROW,Ghana,GHA,2.48700897388359,2.42440178256109,2.36948272778757,2.32382860718794,2.29181383680384,2.26877798247593,2.24660996015773,2.22050488189039,2.19285287421765,2.16258446185622
Population growth (annual %),SP.POP.GROW,Gibraltar,GIB,0.0685064139857829,0.0684595148253082,0.13380712958216,0.121757480110976,0.0949273283980588,0.0474298935790141,-0.0118553645663418,-0.0444701390350008,-0.023725496122441,-0.0266979132717019
Population growth (annual %),SP.POP.GROW,Greece,GRC,0.128880432668041,-0.147951277402184,-0.540752950543684,-0.725120806658085,-0.666113290031891,-0.658861360878339,-0.415913028277122,-0.197783224759792,-0.202880238259165,-0.105339392724138
Population growth (annual %),SP.POP.GROW,Greenland,GRL,1.02802332572502,-0.0263631971297131,-0.14072121935205,-0.577265864735276,-0.333398666658893,-0.322038549275343,0.128227978389047,-0.0267006062623867,-0.263828878276887,0.359917714454119
Population growth (annual %),SP.POP.GROW,Grenada,GRD,0.415067525443612,0.524851800808174,0.621740443257645,0.667831666227163,0.670747705283378,0.64347164631606,0.600367480579,0.552600021547813,0.517266573481224,0.494964112035921
Population growth (annual %),SP.POP.GROW,Guam,GUM,0.129914569643424,0.15730319197367,0.18768774278448,0.265289398890178,0.368363503065816,0.522831661338121,0.675497259109631,0.814724473342243,0.902290919869412,0.915743567783526
Population growth (annual %),SP.POP.GROW,Guatemala,GTM,1.83655642844003,1.81948775605672,1.77749578673149,1.75716769812924,1.72875760277972,1.69146509302391,1.65807331834237,1.62765379973835,1.60038598150372,1.56038604781094
Population growth (annual %),SP.POP.GROW,Guinea,GIN,2.25938161116451,2.21515030486438,2.197958681877,2.23532763160631,2.34225412440163,2.4898348435131,2.64435773103833,2.764879904347,2.8331175118102,2.83478481749442
Population growth (annual %),SP.POP.GROW,Guinea-Bissau,GNB,2.57341352656849,2.61831220530319,2.65074262506761,2.66076608274062,2.644755927701,2.6111512533031,2.57011948297183,2.53224925787499,2.4935051959006,2.45652856791883
Population growth (annual %),SP.POP.GROW,Guyana,GUY,0.228701604144641,0.346196945211445,0.445663749260621,0.514040832989459,0.537221878235554,0.530702759294195,0.510790065048753,0.498520023687447,0.487575158848574,0.482526666451711
Population growth (annual %),SP.POP.GROW,Haiti,HTI,1.53210280667313,1.50631004058552,1.48005462449313,1.45027666858973,1.41613128249998,1.37950998738794,1.34139498435713,1.3050204632281,1.27405022512994,1.24985422874917
Population growth (annual %),SP.POP.GROW,Heavily indebted poor countries (HIPC),HPC,2.81720564779226,2.83587468593728,2.84653958702197,2.85053897929042,2.84584520269364,2.83412658229574,2.82103712571693,2.80598640542024,2.78331770736698,2.75219402545403
Population growth (annual %),SP.POP.GROW,High income,HIC,0.642976577371329,0.459437023950372,0.574439617944961,0.577715113483677,0.589986802434723,0.570279710083611,0.570652896451264,0.504437981142544,0.465442831525877,0.406023769568691
Population growth (annual %),SP.POP.GROW,Honduras,HND,2.02441331695389,1.94316947523917,1.86932160846233,1.81013079423251,1.76927098953001,1.74147410181564,1.71775974956218,1.69227148219463,1.66708222728063,1.64061784169287
Population growth (annual %),SP.POP.GROW,"Hong Kong SAR, China",HKG,0.734446396338105,0.672543291818633,1.1039579972368,0.401982535858444,0.702370950536049,0.851197911086988,0.619366345332479,0.768513877614955,0.800230596967774,0.739283471323064
Population growth (annual %),SP.POP.GROW,Hungary,HUN,-0.226013875689698,-0.283360435946948,-0.516437606548041,-0.27536875707442,-0.269378767165116,-0.237855001984657,-0.295110604845478,-0.265860932255517,-0.126786951652838,-0.0452557101106228
Population growth (annual %),SP.POP.GROW,IBRD only,IBD,..,..,..,..,..,..,..,..,..,..
Population growth (annual %),SP.POP.GROW,Iceland,ISL,-0.143903000294037,0.305468368224399,0.532100734916982,0.945885900369151,1.11250475522796,1.04194038662969,1.38808149583838,2.34558267643862,2.67814276922904,2.19893225826166
Population growth (annual %),SP.POP.GROW,IDA & IBRD total,IBT,1.30435012272652,1.31931323037169,1.33929488618998,1.33280950410193,1.31398087529911,1.29173689840125,1.27735617368485,1.27011046036485,1.22353946044116,1.1843629771727
Population growth (annual %),SP.POP.GROW,IDA blend,IDB,..,..,..,..,..,..,..,..,..,..
Population growth (annual %),SP.POP.GROW,IDA only,IDX,..,..,..,..,..,..,..,..,..,..
Population growth (annual %),SP.POP.GROW,IDA total,IDA,..,..,..,..,..,..,..,..,..,..
Population growth (annual %),SP.POP.GROW,India,IND,1.35033831370532,1.28851296178524,1.23148489388617,1.18290421490412,1.14567340150608,1.11689591278599,1.09045932094686,1.06335942989132,1.03782784787162,1.01326124930492
Population growth (annual %),SP.POP.GROW,Indonesia,IDN,1.3377824768766,1.34790440280692,1.35169978721169,1.34077086414715,1.31094524538172,1.26782970253157,1.22059105826764,1.17619742367279,1.13450697951891,1.09792643725552
Population growth (annual %),SP.POP.GROW,"Iran, Islamic Rep.",IRN,1.14215042395487,1.17582867782158,1.20517252138084,1.23941932960237,1.27812132080551,1.31632102523348,1.35622574111708,1.38533380166753,1.38647833501238,1.35228980616831
Population growth (annual %),SP.POP.GROW,Iraq,IRQ,2.61896343035427,3.25271672235618,3.72062751428444,3.89628381431623,3.71481632582884,3.3162514919462,2.87723163897077,2.54089597268518,2.31845313270607,2.25413907484826
Population growth (annual %),SP.POP.GROW,Ireland,IRL,0.544884384079014,0.436072439258428,0.4237438032978,0.526556158855653,0.731001376585771,0.944845307474728,1.12883406399428,1.08867556062,1.23887545258946,1.36762695363797
Population growth (annual %),SP.POP.GROW,Isle of Man,IMN,0.563714672676353,0.0388818526798947,-0.419070043077339,-0.651560883022837,-0.593530251464843,-0.307101968807689,0.0768639545913868,0.376260134981162,0.552233889715099,0.611876545859163
Population growth (annual %),SP.POP.GROW,Israel,ISR,1.82675240987847,1.84807786159597,1.84615132126711,1.86605289478673,1.91954379859591,1.98128897562083,1.9603489624817,1.93872567441099,1.92662286520241,1.90898263957994
Population growth (annual %),SP.POP.GROW,Italy,ITA,0.30759122234095,0.171978290995717,0.269541239520996,1.1592511168095,0.917504095962437,-0.0963761331392095,-0.169884073301448,-0.14986111697397,-0.190063640113791,-1.15302842389952
Population growth (annual %),SP.POP.GROW,Jamaica,JAM,0.521735381598588,0.548862742473938,0.57148456718391,0.581740676170178,0.57298511603621,0.551043933758775,0.525007303608295,0.501314741642566,0.47833817688853,0.456356507419859
Population growth (annual %),SP.POP.GROW,Japan,JPN,0.0179605415195644,-0.185226486410846,-0.159710675844347,-0.144271883387076,-0.132694222147042,-0.106124993746747,-0.0511374152133631,-0.081874296046114,-0.126880068088791,-0.140464977878172
Population growth (annual %),SP.POP.GROW,Jordan,JOR,5.20482327869944,5.37929559488532,5.42391362973706,5.16738664705539,4.58658511076862,3.82497489731351,3.05762255617112,2.39465932202378,1.81748233928602,1.35921632969114
Population growth (annual %),SP.POP.GROW,Kazakhstan,KAZ,1.41327147745347,1.43151244887822,1.40867688701824,1.43944535624798,1.47267087305755,1.46148468519161,1.42204614032925,1.36038126908993,1.31452298457883,1.28960848954226
Population growth (annual %),SP.POP.GROW,Kenya,KEN,2.7225900011839,2.69374364646689,2.66280780440883,2.61860447776138,2.55940314494339,2.49176754837837,2.42082093780373,2.3564774490698,2.30574364203494,2.27274637907931
Population growth (annual %),SP.POP.GROW,Kiribati,KIR,1.96417541978949,1.73842049192614,1.53868138420516,1.42642187780666,1.38076698674731,1.39802743576964,1.43386389002529,1.43286876361253,1.46875398423395,1.51298666799305
Population growth (annual %),SP.POP.GROW,"Korea, Dem. People's Rep.",PRK,0.492066889676383,0.506081340779637,0.514396262366461,0.518246253061351,0.51330357772782,0.501732435620516,0.490511296531531,0.481502958338939,0.469955192788577,0.455141902020057
Population growth (annual %),SP.POP.GROW,"Korea, Rep.",KOR,0.49822508440111,0.768971758582589,0.525713660600414,0.455218622164662,0.628149861433639,0.527288497407793,0.396851823381145,0.280968018301691,0.433519027613049,0.347874968577526
Population growth (annual %),SP.POP.GROW,Kosovo,XKX,0.803248961277754,0.859067492317545,0.895254757473813,0.607467946683114,-0.294473630866066,-1.3649323381159,-0.596734073866868,0.753584842739213,0.33901096210321,-0.457730006092952
Population growth (annual %),SP.POP.GROW,Kuwait,KWT,5.87973235396896,5.72142299542758,5.55000812778985,5.16548156283081,4.56084810570999,3.84418504828989,3.11285391822542,2.47711270117599,1.98243711082377,1.67213222595982
Population growth (annual %),SP.POP.GROW,Kyrgyz Republic,KGZ,1.19286442880631,1.21689072909974,1.66523655939962,1.98473866725772,2.0061078993716,2.05902596620676,2.0372244221997,1.93364715643057,1.99032207024617,2.08787614010317
Population growth (annual %),SP.POP.GROW,Lao PDR,LAO,1.62205058536827,1.5622782368538,1.51601262173813,1.49049847506341,1.49400418566463,1.5155746860205,1.54103201749189,1.5535342498681,1.54795306869369,1.5172569744542
Population growth (annual %),SP.POP.GROW,Late-demographic dividend,LTE,0.599159894567762,0.637719628412597,0.714958815927474,0.711688580357745,0.687387559762826,0.650958849824647,0.642314632800691,0.652777099545659,0.548103954919242,0.463304857998835
Population growth (annual %),SP.POP.GROW,Latin America & Caribbean,LCN,1.11453109472404,1.11970804525731,1.09910909757018,1.07796594370753,1.05040830078802,1.02305108077958,0.995105679085626,0.966192505058387,0.9325703733045,0.92864702421285
Population growth (annual %),SP.POP.GROW,Latin America & Caribbean (excluding high income),LAC,1.11247366692233,1.11787622306568,1.09264455836826,1.07870541563901,1.07818992629389,1.08486696292954,1.09720589989561,1.10153467439187,1.08373738339304,1.03617227653123
Population growth (annual %),SP.POP.GROW,Latin America & the Caribbean (IDA & IBRD countries),TLA,1.14774165336932,1.15507579029857,1.13212093973726,1.10857775712283,1.08312161003229,1.0562116418981,1.02917595710714,1.00275122816012,0.977052246828933,0.951931057332089
Population growth (annual %),SP.POP.GROW,Latvia,LVA,-2.08130508988111,-1.82076700208005,-1.24035915329271,-1.07103480329077,-0.941743354234222,-0.818626340945853,-0.913885332226604,-0.886215573292392,-0.779138396192231,-0.695239140136066
Population growth (annual %),SP.POP.GROW,Least developed countries: UN classification,LDC,2.36035174045213,2.3733454450728,2.38125025694798,2.38633925689176,2.38678402403826,2.38325326845053,2.378802213301,2.37308230209443,2.36270928829003,2.34698260328537
Population growth (annual %),SP.POP.GROW,Lebanon,LBN,2.86803826418261,4.90410211757948,6.25174094051932,6.55912171719335,5.71912410680609,4.24701618392068,2.74193248822904,1.55307816183349,0.585360849269362,-0.0539404817281259
Population growth (annual %),SP.POP.GROW,Lesotho,LSO,0.27297537342346,0.41096551086715,0.557135557161302,0.669716682610783,0.732817028859017,0.758719326998128,0.775514209299446,0.791589928337923,0.799793018141496,0.800269955388003
Population growth (annual %),SP.POP.GROW,Liberia,LBR,3.59016390667023,3.18884373580466,2.90010350523034,2.68801998464313,2.58315947137196,2.55277350982765,2.52930549204178,2.48555913100141,2.45258690738409,2.4272153554856
Population growth (annual %),SP.POP.GROW,Libya,LBY,1.03279845585375,0.799852879464311,0.611386604684116,0.548926061721924,0.657433708371546,0.880669873783281,1.14396728727023,1.35493226540367,1.47585263915873,1.46982235441249
Population growth (annual %),SP.POP.GROW,Liechtenstein,LIE,0.76130821279276,0.838237151027754,0.866779983105325,0.883698225806073,0.752440880642089,0.658778023875938,0.505858373704087,0.397562145691811,0.298456436961338,0.26864036804366
Population growth (annual %),SP.POP.GROW,Lithuania,LTU,-2.09694341985475,-2.25846389882827,-1.34120198821595,-1.01200736818103,-0.859827343070249,-0.940753796646208,-1.27069453298857,-1.39832220092102,-0.954190459209969,-0.264704354944785
Population growth (annual %),SP.POP.GROW,Low & middle income,LMY,1.31831051579007,1.33054783694003,1.35067281844894,1.3450486542857,1.32840741377321,1.30941625969699,1.29847103551894,1.29368817100959,1.24744575126631,1.20536193963368
Population growth (annual %),SP.POP.GROW,Low income,LIC,2.74082848514161,2.67374478265869,2.6187886916869,2.58651670536835,2.58293529270244,2.59882767776141,2.61506077149944,2.62566475902885,2.6400315715869,2.65735374071063
Population growth (annual %),SP.POP.GROW,Lower middle income,LMC,1.56939285149048,1.55435759907172,1.52580967265285,1.51571823972425,1.49571499089159,1.47944824863507,1.45912620613562,1.43684206213182,1.41480639542672,1.3893628925334
Population growth (annual %),SP.POP.GROW,Luxembourg,LUX,1.8254058035237,2.22266050326725,2.40154189982875,2.31117625275217,2.35697870484045,2.35995118136865,2.15531198799205,2.43097641776115,1.92883751398765,1.9628449198635
Population growth (annual %),SP.POP.GROW,"Macao SAR, China",MAC,2.21948288791181,2.31735693293571,2.36881742693394,2.33599926577806,2.19985609333681,1.99335126527535,1.76658637232662,1.57911395438072,1.4439607580844,1.38562793740991
Population growth (annual %),SP.POP.GROW,Madagascar,MDG,2.79267649390527,2.76190338596182,2.73395412201523,2.71323855057439,2.70101227103798,2.69413797978676,2.68817665365031,2.67980999725449,2.66951722668417,2.65644587984943
Population growth (annual %),SP.POP.GROW,Malawi,MWI,2.87065408031325,2.86449596557394,2.85868448753604,2.8384987806274,2.80304251760847,2.75941225496406,2.70968236962903,2.66644645704802,2.64174528787889,2.64093709821938
Population growth (annual %),SP.POP.GROW,Malaysia,MYS,1.69100946649984,1.55804019772355,1.44573944701104,1.36918357135887,1.34047496185505,1.3448002213693,1.35735924562312,1.3594891710441,1.35196001397349,1.32884901520668
Population growth (annual %),SP.POP.GROW,Maldives,MDV,3.43202635768944,3.9572424041097,4.30501951635701,4.51860343118191,4.56833997812784,4.47209805541824,4.42690070801571,4.30006271362034,3.81549331609073,2.91480812041913
Population growth (annual %),SP.POP.GROW,Mali,MLI,3.15863381986127,3.04461310886847,2.95250852174454,2.90104516964025,2.90194115938757,2.93599897717652,2.97543544750901,2.99919867073212,3.00806522834665,2.99625535273008
Population growth (annual %),SP.POP.GROW,Malta,MLT,0.49118281065151,0.423700885195294,0.899209211902256,1.4040502758129,1.9967544083193,2.38639536345808,2.28861544064371,2.73866285589301,3.49195540302534,3.93135631850717
Population growth (annual %),SP.POP.GROW,Marshall Islands,MHL,0.188250393023619,0.288789676722812,0.332050183221665,0.388930931556708,0.438151354676189,0.455390878332687,0.484514740861651,0.57006787881311,0.616496178310496,0.646743378680184
Population growth (annual %),SP.POP.GROW,Mauritania,MRT,2.926972491675,2.94532125452222,2.95452101978226,2.94920984544727,2.92719086716152,2.89369909323781,2.85598806457222,2.81923462214867,2.78008863129266,2.74148343597351
Population growth (annual %),SP.POP.GROW,Mauritius,MUS,0.237886692890185,0.160140420765724,0.277321025514609,0.220398691741504,0.181061469451535,0.132433082605329,0.0687231379365168,0.0901868114668421,0.0545472669534157,0.0322400432027594
Population growth (annual %),SP.POP.GROW,Mexico,MEX,1.43814066910139,1.39478996981758,1.35529442643505,1.31555760676608,1.27768636604222,1.24116450246976,1.20325950587092,1.16396694963579,1.12641479134149,1.09136688717461
Population growth (annual %),SP.POP.GROW,"Micronesia, Fed. Sts.",FSM,-0.0534273667674984,0.515594947324728,1.01754150310071,1.34584881611012,1.42668074182074,1.33316817603444,1.2131540244091,1.1241750321301,1.05221384801299,1.03422854195793
Population growth (annual %),SP.POP.GROW,Middle East & North Africa,MEA,2.126041020635,2.07939031015943,2.0372748757441,1.99027354797074,1.9405672433481,1.88967716286453,1.83040688166223,1.77182905054975,1.73924151199654,1.72287482191183
Population growth (annual %),SP.POP.GROW,Middle East & North Africa (excluding high income),MNA,1.79775424707678,1.81358769674334,1.82559904863172,1.82376975932192,1.80461319460177,1.77438158837295,1.7359575102895,1.69984923088833,1.69062802687019,1.69782485269351
Population growth (annual %),SP.POP.GROW,Middle East & North Africa (IDA & IBRD countries),TMN,1.78824312784283,1.80502831620232,1.81779913857483,1.81669565483602,1.79795412852046,1.76797570868987,1.72959980391067,1.69616459137391,1.68015656912426,1.68761202843403
Population growth (annual %),SP.POP.GROW,Middle income,MIC,1.17590508210881,1.19400325863164,1.21987565405988,1.21523032304648,1.19544612759373,1.17088411601038,1.15502241993835,1.14646839807581,1.09127604963126,1.04003559094541
Population growth (annual %),SP.POP.GROW,Moldova,MDA,-0.0998632072433329,-0.0578188266371312,-0.0131135135644405,-0.0267918821500678,-0.0609555340918141,-0.787848361701053,-1.148202157971,-1.69193257910835,-1.71854141941543,-1.60950755658359
Population growth (annual %),SP.POP.GROW,Monaco,MCO,1.08991365797569,1.16147269896444,1.19751996711872,1.19961088514868,1.13449255708833,1.07406120275299,0.915658238773299,0.842253416153839,0.752527100059372,0.734075853671846
Population growth (annual %),SP.POP.GROW,Mongolia,MNG,1.70974126800063,1.83803425141813,1.94252634677933,2.00077435794101,2.00381359314742,1.96424831312739,1.9134192168807,1.86159804139428,1.7959102043121,1.71853282942005
Population growth (annual %),SP.POP.GROW,Montenegro,MNE,0.183239906425096,0.10504177223011,0.0841474080023094,0.097599636675676,0.0970220113323688,0.0561107244885728,0.0231425307711559,0.011247907097728,-0.0234613531527775,-0.0319870125812963
Population growth (annual %),SP.POP.GROW,Morocco,MAR,1.2892074374743,1.34658267280361,1.39357546150501,1.41526843050764,1.40384162655748,1.36882070040432,1.32590216473171,1.28696129912794,1.25076295051273,1.22117870546902
Population growth (annual %),SP.POP.GROW,Mozambique,MOZ,2.74365674235719,2.74931744330296,2.7531631636369,2.76904476204422,2.79857322547603,2.83474676145066,2.87208103472672,2.90067226108777,2.91361831836918,2.90700114585105
Population growth (annual %),SP.POP.GROW,Myanmar,MMR,0.695008953862852,0.767361731506144,0.826319491319885,0.849772298198154,0.822704165379198,0.76201232393419,0.689474129916256,0.633900885128423,0.608451681137062,0.625695404700204
Population growth (annual %),SP.POP.GROW,Namibia,NAM,1.8018943127387,1.7692116979486,1.75020985003618,1.74921013400862,1.77153966467204,1.80789772250956,1.8465539777408,1.87285953996,1.88328489392289,1.87040232780685
Population growth (annual %),SP.POP.GROW,Nauru,NRU,0.641477593094623,0.597670869659621,0.663204608535998,0.707828358359629,0.790363679123904,0.822731253553531,0.959331992808755,0.978583648861987,0.950371773207882,0.802168278666476
Population growth (annual %),SP.POP.GROW,Nepal,NPL,0.481202592360838,0.103647394163717,-0.192706459257694,-0.268486268243194,-0.040180015778352,0.404484777150552,0.915275489934662,1.34529588901848,1.66177642022913,1.80944248570395
Population growth (annual %),SP.POP.GROW,Netherlands,NLD,0.512923100553586,0.466428782200821,0.370055034770235,0.294820793441482,0.359828172726548,0.443220089035769,0.532178879608489,0.591203366164118,0.583933408920832,0.65507157480522
Population growth (annual %),SP.POP.GROW,New Caledonia,NCL,1.53321542873142,1.82508537401111,1.81167904307637,1.77944042769409,1.65510642970682,0.242198534789868,0.241613350509724,0.241030987183191,0.240451424461215,0.239874642189939
Population growth (annual %),SP.POP.GROW,New Zealand,NZL,1.1117260560215,0.762479795105218,0.548220797298334,0.768347998194806,1.66101200071152,2.0360339086492,2.24603210015584,2.08872272281936,1.79124016759035,1.59115889619722
Population growth (annual %),SP.POP.GROW,Nicaragua,NIC,1.35737160705997,1.34693557935178,1.33769299842878,1.32724327889097,1.31539317229669,1.30197873969913,1.28898863383271,1.27473066409974,1.25537577858764,1.22975908801825
Population growth (annual %),SP.POP.GROW,Niger,NER,3.84416665603582,3.87641358325453,3.89874303777256,3.90731712034815,3.89984696834574,3.88145154449419,3.85984309179029,3.83900131197354,3.81673672075794,3.79420663603704
Population growth (annual %),SP.POP.GROW,Nigeria,NGA,2.67144283048865,2.67788556977663,2.68092955479893,2.67690791037647,2.66500650321728,2.64740607245442,2.6276751510372,2.60766705440125,2.586551303075,2.56487195537782
Population growth (annual %),SP.POP.GROW,North America,NAC,0.860906957950519,0.754291919645382,0.771504745059005,0.731728411274219,0.76336551220308,0.73984716254256,0.768191348897489,0.691849710608722,0.61812853613192,0.557163665964495
Population growth (annual %),SP.POP.GROW,North Macedonia,MKD,0.21107377513823,0.171871346437471,0.121614265751721,0.144870083488649,0.166476984005751,0.133165884651483,0.109300286352773,0.0970341952851146,0.0826362901268217,0.022971838409121
Population growth (annual %),SP.POP.GROW,Northern Mariana Islands,MNP,-0.412333593957157,0.0777893060414775,0.540995974147583,0.879996878916943,0.935630468517234,0.860646291860494,0.728795894979101,0.649283813705843,0.592374927349641,0.567914446411007
Population growth (annual %),SP.POP.GROW,Norway,NOR,1.24566617956207,1.297189390693,1.31344098868985,1.20914158930136,1.12773667734928,0.995084736958414,0.880969815359919,0.807673181884948,0.660090844249,0.675061373245644
Population growth (annual %),SP.POP.GROW,Not classified,INX,..,..,..,..,..,..,..,..,..,..
Population growth (annual %),SP.POP.GROW,OECD members,OED,0.660299135312229,0.511753208069536,0.622512053427471,0.644054908535225,0.66988249611191,0.661049895082371,0.674976977929575,0.629847489295685,0.595827356162062,0.514993875926066
Population growth (annual %),SP.POP.GROW,Oman,OMN,5.58643325914853,6.66645722749049,7.32062229729818,7.34958283177602,6.73889353552856,5.7905914207208,4.84573377215671,4.08380596990524,3.44516591013401,2.96857894027324
Population growth (annual %),SP.POP.GROW,Other small states,OSS,2.49084795267571,2.29180310613874,2.17407970927613,2.08349975629251,2.05022602596749,2.06049150404701,2.05192647608321,2.05142669967134,2.02831249137201,1.95298387680629
Population growth (annual %),SP.POP.GROW,Pacific island small states,PSS,1.28961347729557,1.23273375723467,1.19301028455602,1.18564565165549,1.22450935546408,1.29198410368924,1.36668510667587,1.42609601030119,1.46993491522119,1.48826881534747
Population growth (annual %),SP.POP.GROW,Pakistan,PAK,2.19703454391766,2.1587965238654,2.12622217687153,2.10324458397736,2.09245641637654,2.08855182687829,2.08632617723589,2.07757838708128,2.05754609472119,2.02296715968838
Population growth (annual %),SP.POP.GROW,Palau,PLW,-1.85415310682776,-1.15400978178336,-0.638726982864775,-0.181622162418011,0.124900663449695,0.226693211277624,0.299579117873217,0.512287550402811,0.571110174925296,0.501226266544612
Population growth (annual %),SP.POP.GROW,Panama,PAN,1.75791916002705,1.7359675150347,1.71610529133903,1.70425637555166,1.70266644495945,1.70730192071397,1.71342547401684,1.7115446013077,1.69263129326398,1.65193014674349
Population growth (annual %),SP.POP.GROW,Papua New Guinea,PNG,2.29321319778709,2.18756194972916,2.10303595947999,2.04146150645363,2.01269943044096,2.00622070097932,2.00249213453639,1.99017879640459,1.97474647313459,1.95370007291066
Population growth (annual %),SP.POP.GROW,Paraguay,PRY,1.35430829278367,1.36648150233433,1.37243441106067,1.37280982867693,1.3616134394318,1.34288874047377,1.32376609888762,1.30717021817901,1.2878740141998,1.26523860853119
Population growth (annual %),SP.POP.GROW,Peru,PER,0.812925977468265,0.811896398192238,0.825158485436818,0.901465289348181,1.05701942309521,1.25615925906743,1.48315720541552,1.66192767329954,1.7182682912873,1.6161567459337
Population growth (annual %),SP.POP.GROW,Philippines,PHL,1.6661133640265,1.69181178702327,1.70412578861596,1.69208799737211,1.64668215233623,1.57936252126472,1.50710255674413,1.44527760718223,1.39596533979435,1.36449622326603
Population growth (annual %),SP.POP.GROW,Poland,POL,-0.285609121534849,0.0537697088781007,-0.000239076003298365,-0.0603600174744649,-0.0748462292920506,-0.0666411009657168,-0.04298513087435,0.0124800985844923,-0.000200132782838419,-0.0244271070993493
Population growth (annual %),SP.POP.GROW,Portugal,PRT,0.0459100367184907,-0.147084878575482,-0.405421787747567,-0.548815210952228,-0.539190466792077,-0.414141101993213,-0.315459016997883,-0.243889410358812,-0.160104021146769,0.0237334946497115
Population growth (annual %),SP.POP.GROW,Post-demographic dividend,PST,0.466184669545086,0.275999145253607,0.419918178763723,0.438957237172005,0.455769353283813,0.447485666297752,0.452766054778266,0.382623560768167,0.350812965368448,0.28203083367579
Population growth (annual %),SP.POP.GROW,Pre-demographic dividend,PRE,2.89786209331851,2.93196247556837,2.95308239478263,2.95558951334762,2.93495951083158,2.89900208102362,2.85946591910778,2.82418374737507,2.79176818724804,2.76433606987581
Population growth (annual %),SP.POP.GROW,Puerto Rico,PRI,-0.506170056982176,-1.15654029293994,-1.20998793422288,-1.14593097838135,-1.6331283312239,-1.75920825815177,-1.93497109034618,-2.4180176217623,-4.0483910336329,0.0106465459574109
Population growth (annual %),SP.POP.GROW,Qatar,QAT,11.4833710187286,9.23184348445773,7.57537257117744,6.20148517007306,5.11490132315641,4.23975568526253,3.39762651032449,2.61575105799256,2.0687541103032,1.79524654253794
Population growth (annual %),SP.POP.GROW,Romania,ROU,-0.593959183588628,-0.491866212866043,-0.445177936198383,-0.371323062878035,-0.374575497762261,-0.470052227864654,-0.573660845379617,-0.578007015146885,-0.587493307403584,-0.526814821936341
Population growth (annual %),SP.POP.GROW,Russian Federation,RUS,0.0448957880908489,0.077981777433695,0.168305035277726,0.212950704549247,0.217642262118,0.192557946508244,0.170245238698228,0.106870569429971,-0.0130668924933287,-0.0495686654330689
Population growth (annual %),SP.POP.GROW,Rwanda,RWA,2.58885008064935,2.4985228270333,2.45979861275517,2.45195069689716,2.48552575680974,2.54270036203703,2.6024940114545,2.63976245281264,2.64406078348327,2.60731374636986
Population growth (annual %),SP.POP.GROW,Samoa,WSM,0.750886801099452,0.816794529594394,0.860430528411051,0.854663299630865,0.787611270664912,0.668864132591767,0.530860672023836,0.419597535845907,0.393373450356795,0.490819125766011
Population growth (annual %),SP.POP.GROW,San Marino,SMR,1.27648962734242,1.38051686722579,1.40533697168839,1.39507652563326,1.18178335464656,0.993800751461318,0.697889702987901,0.500194570138155,0.335038486999643,0.23651855869801
Population growth (annual %),SP.POP.GROW,Sao Tome and Principe,STP,2.52364978563294,2.27418932025697,2.0772236359715,1.93556125383945,1.88297041207015,1.87875940029521,1.87856316577205,1.88401091022563,1.88756148214117,1.8851478278935
Population growth (annual %),SP.POP.GROW,Saudi Arabia,SAU,2.92764323588465,3.03897438018909,3.09072464553231,3.03079439709524,2.83622090250505,2.55807744862499,2.2624230012955,2.00706639082931,1.8010622175453,1.66477670240957
Population growth (annual %),SP.POP.GROW,Senegal,SEN,2.74312787749023,2.7667570258595,2.78561459548468,2.79913166148371,2.80669872856731,2.80829036215636,2.80732966748881,2.80057660226301,2.78187970760459,2.74996220289833
Population growth (annual %),SP.POP.GROW,Serbia,SRB,-0.402005900874718,-0.789468997859736,-0.485299545092705,-0.486591387059998,-0.469489291237153,-0.494772574469842,-0.523694463062603,-0.532191341024444,-0.546351968633598,-0.536610017822353
Population growth (annual %),SP.POP.GROW,Seychelles,SYC,2.79232906929128,-2.62865635521684,0.980980190128322,1.84687609296508,1.55539570911507,2.22979505321923,1.33763477950025,1.22403375818123,0.954291917891324,0.887925293341637
Population growth (annual %),SP.POP.GROW,Sierra Leone,SLE,2.25256721055559,2.27459429500247,2.25001929332056,2.23024483169117,2.20708602343823,2.18142872081082,2.16462008761445,2.15406938155801,2.13663626508494,2.10903821950532
Population growth (annual %),SP.POP.GROW,Singapore,SGP,1.77183287926401,2.08490245606007,2.45339033031018,1.61930809858875,1.29844017799226,1.18637693749822,1.29743609938602,0.0885954699924263,0.469704298714121,1.14428330688929
Population growth (annual %),SP.POP.GROW,Sint Maarten (Dutch part),SXM,-0.532990982673547,-1.84029730199093,3.54058281882925,5.52303952564313,2.90226583447676,2.98022317393175,2.90397846114339,1.5023313732953,0.788033880779993,1.72846502838337
Population growth (annual %),SP.POP.GROW,Slovak Republic,SVK,0.0931912731899838,0.128936462723796,0.170183855326072,0.107458009492367,0.0970454215834878,0.0950338786482762,0.128922329956911,0.155178995687406,0.138508159611326,0.135328072840865
Population growth (annual %),SP.POP.GROW,Slovenia,SVN,0.43607948463593,0.207732702329724,0.210024305900448,0.135726228915631,0.0983519219451147,0.075190689011533,0.0731972072415279,0.0651590392490152,0.362584395134764,0.696304046333357
Population growth (annual %),SP.POP.GROW,Small states,SST,2.05348922676998,1.91128026511586,1.82769949103563,1.76341084319932,1.74154663114395,1.75170536931671,1.74787748982028,1.74918220384126,1.73268126707575,1.67530118620125
Population growth (annual %),SP.POP.GROW,Solomon Islands,SLB,2.43127551805425,2.55507020291129,2.650329874041,2.7078233621751,2.71941675327576,2.69783428578086,2.66748790965528,2.64331166884439,2.61108522453765,2.56539282268413
Population growth (annual %),SP.POP.GROW,Somalia,SOM,2.74573941935183,2.72266121595,2.70369419193737,2.7017534202225,2.71739579646015,2.74537714131231,2.77638699167351,2.80492970604885,2.83192542389384,2.85513551663708
Population growth (annual %),SP.POP.GROW,South Africa,ZAF,1.45528193348191,1.52451405625199,1.58135367305518,1.60436736931238,1.58378739591921,1.53224277341692,1.47193342939738,1.41694725378631,1.36370321600461,1.31629200967216
Population growth (annual %),SP.POP.GROW,South Asia,SAS,1.43492162815882,1.38755974750433,1.33661535788343,1.3078674313397,1.28215324493084,1.26097714806075,1.24443504128682,1.22492615301573,1.20319351718783,1.175104964768
Population growth (annual %),SP.POP.GROW,South Asia (IDA & IBRD),TSA,1.43492162815882,1.38755974750433,1.33661535788343,1.3078674313397,1.28215324493084,1.26097714806075,1.24443504128682,1.22492615301573,1.20319351718783,1.175104964768
Population growth (annual %),SP.POP.GROW,South Sudan,SSD,3.9265272772907,3.33369599126706,2.83761652164451,2.35865931853706,1.91161097075419,1.51174412560417,1.08467779680228,0.719802049046745,0.595340534474696,0.782197030861146
Population growth (annual %),SP.POP.GROW,Spain,ESP,0.460408305051304,0.355338396471428,0.0649259625617232,-0.327669039579687,-0.298951059088036,-0.077588861590047,0.0844301500680736,0.234587922968563,0.437982993728698,0.717715637103499
Population growth (annual %),SP.POP.GROW,Sri Lanka,LKA,0.684559602845539,0.672689270325415,0.129846810394944,0.780301447580142,0.933207942647201,0.91981102654886,1.10498361865849,1.13022048648777,1.04839295829763,0.611875945764341
Population growth (annual %),SP.POP.GROW,St. Kitts and Nevis,KNA,0.844180814941206,0.875550269318408,0.883990332068665,0.89214135413764,0.886221973644041,0.839385198969423,0.826587612596456,0.785225661948494,0.769573260355873,0.752340352327407
Population growth (annual %),SP.POP.GROW,St. Lucia,LCA,1.07937464193729,0.82716485691794,0.633747350995791,0.480576033839801,0.450800624034365,0.461059797609078,0.499501259900487,0.513598722226695,0.515372718122712,0.496319759662675
Population growth (annual %),SP.POP.GROW,St. Martin (French part),MAF,0.538941033954403,-0.349180049053869,-1.17912274896384,-1.50812712760541,-1.21420996129686,-0.425692391936326,0.545005937077433,1.39889380200843,1.88268261727287,1.9611076778355
Population growth (annual %),SP.POP.GROW,St. Vincent and the Grenadines,VCT,-0.0304775276772351,0.0507907202422738,0.11072665491156,0.174146243892115,0.224376163139309,0.244950880035656,0.303748598147779,0.327416124281717,0.349034148811457,0.346915924257476
Population growth (annual %),SP.POP.GROW,Sub-Saharan Africa,SSF,2.76352652372771,2.76410285334504,2.7635777760722,2.75829575602684,2.74844041151982,2.73491073639045,2.71952543018021,2.70237141005056,2.68117493134233,2.65583230956132
Population growth (annual %),SP.POP.GROW,Sub-Saharan Africa (excluding high income),SSA,2.76351948743712,2.76465644287953,2.76375186033017,2.75838180937964,2.74855305749267,2.73495600443063,2.71965428274785,2.70250760681674,2.68133213260103,2.6559906104745
Population growth (annual %),SP.POP.GROW,Sub-Saharan Africa (IDA & IBRD countries),TSS,2.76352652372771,2.76410285334504,2.7635777760722,2.75829575602684,2.74844041151982,2.73491073639045,2.71952543018021,2.70237141005056,2.68117493134233,2.65583230956132
Population growth (annual %),SP.POP.GROW,Sudan,SDN,2.22824511570542,2.30259996034346,2.35980816804628,2.39896299523952,2.41210746724027,2.40720186967684,2.398795478465,2.39524232580927,2.39225797194196,2.39143408960219
Population growth (annual %),SP.POP.GROW,Suriname,SUR,1.14290868393583,1.13709445497525,1.12782032745196,1.11122257746214,1.08726253313589,1.05321474744821,1.02258948998451,0.989629209249985,0.957016884778029,0.929025561206018
Population growth (annual %),SP.POP.GROW,Sweden,SWE,0.852524628765313,0.755150133665177,0.739763272434863,0.847348652246305,0.992219728591882,1.05745468551674,1.25645398510305,1.34744505956262,1.16164515996039,1.01372226345511
Population growth (annual %),SP.POP.GROW,Switzerland,CHE,1.0415580576588,1.11187894263206,1.06181932886789,1.14987975781229,1.22010397343287,1.13833715247736,1.09203117387253,0.933155888738653,0.736633975172522,0.713313668444329
Population growth (annual %),SP.POP.GROW,Syrian Arab Republic,SYR,0.736079607629261,-1.32281945891584,-3.09727333893233,-4.30077509294503,-4.53341481500366,-3.88682264150975,-2.99965715561449,-2.14061860863601,-0.884869262656999,0.735380569237513
Population growth (annual %),SP.POP.GROW,Tajikistan,TJK,2.18439215473896,2.2347212083873,2.27761028692613,2.32138959348237,2.3669420480681,2.40860201118626,2.44855053416867,2.47045070066645,2.45355241672442,2.3904900507883
Population growth (annual %),SP.POP.GROW,Tanzania,TZA,2.91188894130246,2.94841893616366,2.97566283977017,2.99406163441165,3.0018010574385,3.00106704071869,2.99757445799282,2.99181230291284,2.97948065987158,2.96038624624594
Population growth (annual %),SP.POP.GROW,Thailand,THA,0.489622687570703,0.480052607326658,0.469272819846721,0.453815887976248,0.430842608467137,0.402136059408841,0.373014846949147,0.345205219913361,0.315406676202042,0.283525943067606
Population growth (annual %),SP.POP.GROW,Timor-Leste,TLS,1.77428525606029,1.77983200773094,1.76733197676188,1.77462460012491,1.80833335713318,1.85281178758374,1.90394572558387,1.94690600412748,1.96841777174323,1.96367631756303
Population growth (annual %),SP.POP.GROW,Togo,TGO,2.6962976659218,2.67753252488233,2.66091060739875,2.63574468461472,2.60114952364707,2.56099971332713,2.51868723622311,2.47933129149683,2.44590389318048,2.42023592434892
Population growth (annual %),SP.POP.GROW,Tonga,TON,0.0808166372313784,-0.407634792241863,-0.796925116929663,-0.946687819778272,-0.734749916526792,-0.240829043618987,0.359543381433553,0.845706386838955,1.16667421428571,1.24991997807739
Population growth (annual %),SP.POP.GROW,Trinidad and Tobago,TTO,0.54532583381721,0.603231766736281,0.644091695000638,0.659178039299363,0.635411345010537,0.585143887675024,0.526294977845311,0.470521283059585,0.416814325359264,0.36828406936599
Population growth (annual %),SP.POP.GROW,Tunisia,TUN,1.0354454908345,0.997589003956057,0.973852315022298,0.972083635406281,1.00150981471964,1.04982516714664,1.1029429551085,1.1390705538875,1.14586285100402,1.11366949118351
Population growth (annual %),SP.POP.GROW,Turkiye,TUR,1.40008860606542,1.53156607830159,1.63114823337747,1.69274545557577,1.70264361643927,1.66948158450263,1.63994240407574,1.60131223365858,1.49723204842519,1.31451369970442
Population growth (annual %),SP.POP.GROW,Turkmenistan,TKM,1.57024944886588,1.69310292263253,1.79721676532165,1.85198802269048,1.84535409057192,1.79414757129201,1.72948721092205,1.66896488441613,1.60634794553413,1.54657591124514
Population growth (annual %),SP.POP.GROW,Turks and Caicos Islands,TCA,2.24498908392546,2.15974106704221,2.06419144388962,1.93610698866869,1.82020316889615,1.7043159552609,1.59646055767187,1.51481029965206,1.47362360716631,1.38940556506264
Population growth (annual %),SP.POP.GROW,Tuvalu,TUV,1.03182342783917,0.993056820260079,1.10436311921849,0.972545061937715,1.13648001683484,1.14173041611804,1.1911833113613,1.17716100210512,1.22432661828226,1.29535490003912
Population growth (annual %),SP.POP.GROW,Uganda,UGA,3.18660981826466,3.18245207318546,3.18075022852585,3.23378200993576,3.3526820776788,3.49774773005758,3.65686446958378,3.75568661067387,3.72516390592513,3.54193220575762
Population growth (annual %),SP.POP.GROW,Ukraine,UKR,-0.397263167656909,-0.359600092788762,-0.246976481186878,-0.227691350050529,-0.479262000344597,-0.261249679711809,-0.331333796371949,-0.386345310894755,-0.466425620896808,-0.530994160113763
Population growth (annual %),SP.POP.GROW,United Arab Emirates,ARE,7.68722216681039,4.53624184406951,2.15417385990529,0.614086082306359,0.176775197578861,0.527292387564473,1.05327089864392,1.33947023681167,1.50393782063358,1.43867705802644
Population growth (annual %),SP.POP.GROW,United Kingdom,GBR,0.783888646646516,0.781506562236639,0.695353132322269,0.669740535540783,0.736463978721671,0.792367505802859,0.757874492811929,0.679374473924223,0.605929132212552,0.564131113399897
Population growth (annual %),SP.POP.GROW,United States,USA,0.829616674709795,0.726786704810745,0.733599941250847,0.692860276624581,0.733361519937424,0.73621730882542,0.724676067451429,0.63264399508256,0.526435395564053,0.455381285963537
Population growth (annual %),SP.POP.GROW,Upper middle income,UMC,0.69294673393081,0.747862395719139,0.83807845336716,0.837672145107234,0.815626285331163,0.777938320192945,0.765060985521785,0.771548748618315,0.670787875136327,0.582663992981281
Population growth (annual %),SP.POP.GROW,Uruguay,URY,0.286095677460416,0.286941769207782,0.297840985772009,0.309112680350726,0.324100506456905,0.339789877002899,0.354761354566368,0.364565153230285,0.367270798048567,0.360034022145695
Population growth (annual %),SP.POP.GROW,Uzbekistan,UZB,2.82284968340424,2.68401550537804,1.47209998811321,1.56190433294848,1.68690035915161,1.74425837484667,1.73884926199094,1.68350632535532,1.73698637655233,1.87647016682647
Population growth (annual %),SP.POP.GROW,Vanuatu,VUT,2.56070245091676,2.69064039319617,2.78259104658423,2.81836800127082,2.78621356221544,2.70662633869409,2.62020544375229,2.54454379327002,2.48242519027756,2.43262855812858
Population growth (annual %),SP.POP.GROW,"Venezuela, RB",VEN,1.44831682023004,1.56273221245691,1.62394832481717,1.42107799589325,0.875663915804975,0.129244522754409,-0.769455375977454,-1.51476569807441,-1.76833073456765,-1.29363805789461
Population growth (annual %),SP.POP.GROW,Vietnam,VNM,1.00012883807904,1.02210108439886,1.04162218011767,1.05306229998885,1.05363581050321,1.04478105455123,1.03410736725231,1.02019850123199,0.994310472332801,0.954289022188918
Population growth (annual %),SP.POP.GROW,Virgin Islands (U.S.),VIR,-0.0433657352905335,-0.0618517700554086,-0.0942359108531572,-0.135966981900308,-0.147274749553357,-0.157703864887906,-0.182132486647949,-0.218811336994337,-0.261338011929093,-0.310759832621892
Population growth (annual %),SP.POP.GROW,West Bank and Gaza,PSE,2.59703221798976,2.52518683079236,2.46768715003228,2.40084831983677,2.3440772109436,2.29048005844149,2.24610527580178,1.98868634871278,2.5330114844554,2.51178246264674
Population growth (annual %),SP.POP.GROW,World,WLD,1.20330803304117,1.18329340674819,1.22068863908771,1.21657121233333,1.20334695075393,1.18196469027203,1.17005402578825,1.1531384118945,1.10840559495504,1.06659527365613
Population growth (annual %),SP.POP.GROW,"Yemen, Rep.",YEM,2.79576596218166,2.77998348073705,2.75733912273244,2.71653983243359,2.65414064347765,2.57803021578508,2.49827722501685,2.4239891818803,2.3570444080705,2.30059414962983
Population growth (annual %),SP.POP.GROW,Zambia,ZMB,2.914654960089,3.02031866512706,3.10291403534601,3.13994035081307,3.12124942934151,3.06667147171294,3.00293455383552,2.95146304797564,2.91265326328102,2.89301773705047
Population growth (annual %),SP.POP.GROW,Zimbabwe,ZWE,1.35396387573417,1.53640571630567,1.69808373055654,1.77767247608678,1.7547410030553,1.66369350951633,1.54929408793871,1.45940581314681,1.41038154233327,1.42114188586135
,,,,,,,,,,,,,
,,,,,,,,,,,,,
,,,,,,,,,,,,,
Data from database: Health Nutrition and Population Statistics,,,,,,,,,,,,,
Last Updated: 09/19/2022,,,,,,,,,,,,,
