,Country Code,GNI 2010,GNI 2011,GNI 2012,GNI 2013,GNI 2014,GNI 2015,GNI 2016,GNI 2017,GNI 2018,GNI 2019,POP GROWTH 2010,POP GROWTH 2011,POP GROWTH 2012,POP GROWTH 2013,POP GROWTH 2014,POP GROWTH 2015,POP GROWTH 2016,POP GROWTH 2017,POP GROWTH 2018,POP GROWTH 2019
0,AFG,510,530,630,650,630,590,550,530,510,520,2.74661463795293,3.14310555651301,3.40760003260595,3.49459192739625,3.35560233082199,3.07705362914441,2.77803478841236,2.54783303994568,2.38430907940751,2.31307334941778
1,AFE,1449.38694982585,1586.63986097829,1698.80815719012,1731.83465927064,1712.65340895441,1595.75352120869,1475.97971641498,1459.51755385162,1464.99537466535,1506.73192051311,2.74740956025077,2.75661924889133,2.76342579830968,2.76149556849235,2.75040021306161,2.73259763999667,2.71221797789649,2.69090172827046,2.66561953897049,2.63666633689952
2,AFW,1575.91545569087,1605.75683572412,1774.06726894128,1931.83150163743,2094.40501122793,2005.30632501013,1782.17439426541,1611.49767282406,1611.87005089623,1669.28410605469,2.7873725353495,2.775170988939,2.76380250826622,2.75356415432408,2.74554220539586,2.73833156598,2.73033179083436,2.71932994204438,2.7041680375953,2.68415173928712
3,ALB,4360,4410,4360,4540,4540,4390,4320,4290,4860,5230,-0.49646196338738,-0.269017331764615,-0.165151040121679,-0.183211384606402,-0.207046999760594,-0.291205786840436,-0.159880412127734,-0.0919722937442495,-0.246732042281782,-0.426007367032238
4,DZA,4470,4600,5200,5520,5490,4850,4370,3950,3980,4010,1.80500474736452,1.88330858570333,1.95146367479529,2.00270360530766,2.03358715504452,2.0453720881528,2.05135237337878,2.04490931275225,2.00739866314238,1.93398334424168
5,ASM,..,..,..,..,..,..,..,..,..,..,-1.04826295347074,-0.588347444156001,-0.154365337947318,0.0861867792564065,0.132725922558567,0.026882443238318,-0.120130903326101,-0.219117153655893,-0.280883888014678,-0.269018785914943
6,AND,..,..,..,..,..,..,..,..,..,46040,-0.008288192290815,-0.839471761400757,-1.58992366767347,-2.03074436920753,-1.94651826894114,-1.55213476921424,-0.898980862435393,-0.38628103925755,0.0142852505031622,0.179041785311253
7,AGO,3220,3370,4080,4670,4830,3920,2480,2010,1900,2070,3.67149333263444,3.63415021537353,3.59775453949706,3.55199742692341,3.49744741099259,3.43886936840162,3.37826943218091,3.32215836256296,3.2761445879162,3.24291402840967
8,ATG,12690,12370,12780,12620,12760,12850,13580,14320,15880,16420,1.47279415442432,1.37637551869337,1.28802773688723,1.2126557898666,1.14304343305706,1.08418161589205,1.00909459019292,0.952914631258636,0.894078681398432,0.861445783881833
9,ARB,6291.94658321321,6320.28466072557,7038.8424176615,7436.62261454255,7475.88194511242,6995.51052215396,6563.46462456258,6148.39504322419,6316.51408002561,6509.02504963069,2.38321483027832,2.32938283425813,2.28022577330127,2.22347820095197,2.1605041123413,2.09550643402568,2.02374198504567,1.95522137783333,1.91996644194494,1.9097882611198
10,ARG,9270,10710,11890,12870,12350,12600,12220,13140,12430,11260,0.752217992640236,1.15305928006386,1.13690569378967,1.11910919999772,1.09946109101836,1.07800134449604,1.05718157762752,1.03713389686514,1.01580834908002,0.993397493293046
11,ARM,3470,3530,3880,4110,4140,4010,3760,3950,4240,4660,-0.373954889662394,-0.0270427628367578,0.26742945492201,0.461930535014127,0.509812126446043,0.450705991935445,0.361260408326477,0.293899005891436,0.235799808401976,0.202624027586126
12,ABW,23090,23220,24330,25430,25750,26160,26650,27740,28330,28920,0.20973141399036,0.377979489354876,0.503385467824644,0.583290430309314,0.590508188771418,0.541048337127457,0.502859513587608,0.471874002595904,0.459265888430662,0.437414675818993
13,AUS,46690,50380,60260,66050,65180,60490,54090,51480,53070,54910,1.55548958906995,1.38952731561803,1.74582000067359,1.721151439989,1.49156648912847,1.43921665259925,1.56194049810399,1.68452310845434,1.53610551570388,1.52165367749095
14,AUT,49750,50700,50100,50720,50390,47480,46240,45040,49010,51010,0.240394299500766,0.337080841831645,0.45593747231891,0.589387254692989,0.781541632525841,1.12099250236958,1.08139629872802,0.694621103604983,0.487071924768999,0.444673639004876
15,AZE,5410,5570,6480,7450,7740,6610,4790,4110,4080,4510,1.18978770786007,1.30300085487651,1.32876382733755,1.29344702700591,1.24820899735588,1.19120985807018,1.11785721013911,0.98126180450475,0.866316916370841,0.846646726414021
16,BHS,28290,27900,28590,27600,28180,28810,28930,30580,31070,32420,1.51478477511973,1.30075351976794,1.10570789821922,0.980106184007713,0.93876021994633,0.959964408799924,0.990005732547738,1.00728534144547,1.01280016721917,0.993659489537656
17,BHR,18970,18160,22010,23790,24070,22580,21570,21250,22000,22230,4.60018474525212,2.96081559234807,1.69035809880424,1.15390705309184,1.5875995721769,2.64276663660774,3.85657694585171,4.67804747089484,4.92102429600582,4.4686878342058
18,BGD,800,890,970,1040,1110,1220,1430,1670,2040,2250,1.1248068966134,1.14382867124819,1.15400610453827,1.15595091365323,1.1429302161114,1.11909103277687,1.09528840382819,1.07553524898766,1.05357030023873,1.02919664944804
19,BRB,15540,15040,15730,15660,15630,15760,15940,16090,16610,17130,0.363612230788636,0.302945811200443,0.250933189719929,0.20986218775708,0.186604261703996,0.176093438142998,0.164937660504219,0.150692216122692,0.143488326481972,0.132831081778268
20,BLR,6150,6340,6630,7030,7620,6750,5640,5320,5730,6370,-0.218522755959381,-0.234282914157686,-0.156617600248906,-0.0383800002667846,0.056151567510169,0.132853236725342,0.0877210878706449,-0.109782322950581,-0.213824206997671,-0.201786600970723
21,BEL,47080,46490,47130,47900,47820,45570,43400,42520,46070,48050,0.913639391631709,1.3010029017038,0.620163579337378,0.471340143966627,0.44392928847521,0.579446241677791,0.506300002451376,0.385228018372369,0.455184695275022,0.540461327098122
22,BLZ,3910,4070,4120,4180,4290,4440,4370,4430,4560,4610,2.45178026956863,2.38129471621378,2.32413036818372,2.25427414346617,2.19127515015067,2.11686041760718,2.04936387658783,1.98239700826474,1.9229790570947,1.88259837762914
23,BEN,1080,1090,1120,1220,1270,1180,1110,1090,1200,1250,2.80597623284658,2.80376175488743,2.79772118064924,2.79071643360586,2.78209237028195,2.77183788570358,2.76136092814418,2.74990222166209,2.73485620295269,2.71521854979345
24,BMU,103480,101610,100100,101760,99920,101120,103620,112940,117000,117290,-0.783118104363585,-0.863616495823495,0.361775877335588,0.312791570829084,0.210544188304464,0.151869636092964,-1.05247097968271,-1.0605345960762,0.0704274978050419,-0.0109521313739413
25,BTN,2040,2240,2390,2410,2460,2520,2650,2800,2970,3150,1.051899559473,1.13070622314478,1.18793062766492,1.22581161024797,1.23391673082009,1.22080001903125,1.2045829397843,1.19507395930716,1.17777914017278,1.14637925209774
26,BOL,1780,2000,2250,2590,2830,2960,3040,3090,3370,3520,1.64358106824134,1.62235980079652,1.60004361529199,1.57457928674147,1.54497716852867,1.51294243320221,1.48019596651052,1.449144413215,1.42189080360535,1.39913335536684
27,BIH,4960,5010,4990,5270,5300,5210,5130,5120,5750,6170,-0.818853335966774,-1.20286774011291,-1.54695841535682,-1.74536474373628,-1.72230731218996,-1.52630451114807,-1.26472845809142,-1.03088019890592,-0.827063451812447,-0.692266996375143
28,BWA,5610,6610,7250,7570,7420,6430,6280,6380,6780,7170,1.70592328995544,1.41413550355517,1.19090216555368,1.12138806019311,1.25595158309984,1.52506854883531,1.83197313579572,2.06884765539921,2.1974164684246,2.1781688165261
29,BRA,9640,11070,12300,12770,12100,10170,8910,8680,9140,9220,0.937959306704135,0.915965178459778,0.893525506727112,0.873605695817564,0.855795964130977,0.838838953278811,0.823752152538353,0.807145245445964,0.783844259734468,0.751550842096973
30,VGB,..,..,..,..,..,..,..,..,..,..,2.77598026181127,1.88879853401238,1.15129386789758,0.681694348292795,0.466846183758763,0.560784501633955,0.707658970811351,0.719598502488329,0.76817196579097,0.795618290651402
31,BRN,33300,35520,42370,45320,43090,38850,33170,29800,29390,32230,1.22507149994452,1.29181506558269,1.33977207261274,1.34852076714032,1.31764439034594,1.24557202006897,1.168569853619,1.11102778339034,1.04964282773986,1.00574227362596
32,BGR,7010,7260,7490,7590,7700,7430,7400,7610,8530,9500,-0.658275446635908,-0.641228920515067,-0.579220596364389,-0.559647217410859,-0.568389264052903,-0.638069468160719,-0.701382097841331,-0.730443175298289,-0.722080405222853,-0.703905641117455
33,BFA,650,680,730,770,760,700,680,670,750,770,3.01921284414061,3.00904517611233,2.99740381221435,2.98166398413105,2.96187533312778,2.93935056790969,2.91521308067141,2.89075088175118,2.86697911426999,2.8445964977375
34,BDI,220,230,250,260,260,260,260,260,250,240,3.25619646076404,3.20771300738314,3.15978509519121,3.13349808169981,3.13675679189263,3.15690795388679,3.17701485540777,3.18120007897113,3.16691169681282,3.1289321480628
35,CPV,3400,3510,3440,3490,3360,3210,3130,3080,3400,3630,1.22066926970069,1.25346824532103,1.27140570454365,1.27811403978747,1.26912353358353,1.23949829305891,1.21227381499617,1.19012595595116,1.15884296629081,1.12865786215008
36,KHM,750,810,880,970,1020,1060,1140,1230,1380,1530,1.53915213466393,1.58885279806388,1.63044345047096,1.6498363404781,1.6381168470705,1.60368077118284,1.56521446599878,1.53027452708458,1.49034315597302,1.44641184190217
37,CMR,1400,1420,1420,1480,1540,1500,1440,1390,1490,1540,2.74773375136593,2.74047937968109,2.73124948919439,2.71824868984878,2.70152461390938,2.68184811095466,2.66050206631452,2.63775433447287,2.61228416133822,2.58417898206639
38,CAN,44490,47190,51080,52800,52200,47590,43890,42900,45080,46540,1.11186407517168,0.978697786570341,1.08581726304756,1.05659125917789,1.00533757867378,0.746339477969813,1.13234865466606,1.19952071057872,1.41245586917998,1.43613682316886
39,CSS,8962.46033719484,8808.92981873963,9497.06385222448,9894.70477656426,9889.08061092394,9895.47485218464,9364.2311646255,9371.60647089773,9640.75946344452,10027.456183241,0.689442961507453,0.705186275498178,0.71589821494662,0.716493416885356,0.703717300161514,0.67964574333412,0.653374589477409,0.626889344834524,0.601138270688168,0.576986134803036
40,CYM,70220,71050,49570,44030,42930,44380,48240,52840,59480,66880,2.41276783222714,2.10398074443089,1.85900594957737,1.63171430781768,1.51516795672215,1.42452783813017,1.35658032447898,1.29898766487121,1.23870690281221,1.20199712360386
41,CAF,510,530,570,380,390,400,410,440,490,520,1.12655511715726,0.723967672972794,0.401398611232931,0.259647553067029,0.364133903303029,0.647515777004538,0.985784078923095,1.2774834969372,1.5191174668345,1.67466162763351
42,CEB,12818.9859271522,12940.9227580643,13085.7860012346,13428.5333829452,13568.3378442905,13258.4303745629,12867.236621437,13090.4442525389,14665.1805348533,15933.9461315133,-0.361666299699507,-0.23693312734882,-0.229154983893395,-0.213201830007392,-0.209757192601487,-0.230243282701295,-0.255290913083385,-0.246809827629463,-0.196249607675014,-0.136492212077599
43,TCD,910,890,960,970,980,880,730,640,680,700,3.33466929345193,3.3635382470264,3.37076756399417,3.35106893405564,3.29689942062191,3.22199984419079,3.14393299725849,3.07750673636919,3.02350454795029,2.98613014725798
44,CHI,..,..,..,..,..,..,..,..,..,..,0.963188270893047,0.793249105093048,0.656884924921003,0.607833548801146,0.65292181113547,0.77695280580967,0.923845527837761,1.03937906031209,1.079140799544,1.03163477664924
45,CHL,10790,11930,14270,15180,14770,14130,13340,13260,14580,14900,1.03891170046699,0.997514840169031,0.96307999965156,0.978805917146093,1.06117867141393,1.17771785691816,1.32520687841934,1.42514142087535,1.39106423293431,1.18293256569455
46,CHN,4340,5040,5910,6740,7470,7890,8210,8670,9540,10310,0.482959688678361,0.546457594880274,0.678345458846803,0.666072977690069,0.630326389541893,0.581456146657648,0.573050906069647,0.605245013482969,0.467672053461959,0.354740890170827
47,COL,5630,6320,7290,7960,8210,7330,6460,5940,6270,6570,1.05064996242948,0.968365031109833,0.900335047336095,0.906920982436048,1.0104897504141,1.1704451989867,1.3676499516175,1.51374743470421,1.52423594388212,1.35678804331132
48,COM,1380,1410,1420,1490,1490,1380,1320,1280,1370,1380,2.41327037744548,2.41826786302,2.41713114831259,2.4085085351559,2.38254831579554,2.34845598521899,2.30927369612098,2.27324455021872,2.23941634435226,2.20646505841421
49,COD,320,340,380,410,440,460,470,460,500,530,3.33113330807202,3.33767597445113,3.33757066956072,3.33135585036626,3.31967815794583,3.3028191819646,3.28293417455056,3.25850577170009,3.22669886135312,3.18708626507603
50,COG,2750,2710,3500,3750,3990,3100,2220,1700,1790,1810,3.04895683882158,2.79427264189258,2.59092527223385,2.46504470838409,2.440535491773,2.48375698671647,2.53956659003454,2.57067057638817,2.58172086705774,2.56282646096789
51,CRI,7260,8090,9280,9930,10350,10700,11100,11500,11970,12120,1.24493397923295,1.20983529009945,1.17835234575071,1.14757030077983,1.1172644537537,1.0870985434196,1.05736605443833,1.02787999000234,0.994802059847413,0.957865009385917
52,CIV,1230,1110,1240,1350,2020,2050,2050,2030,2180,2290,2.33453614556572,2.38552681012208,2.43594320427159,2.47667884960598,2.50449558970766,2.52216477826712,2.53612860524997,2.54778157022741,2.55232234123969,2.54938709160815
53,HRV,14220,14230,13610,13760,13500,13270,12680,12980,14410,15540,-0.226821270818422,-0.345264228485821,-0.305655944795909,-0.278509062850129,-0.407343184777633,-0.824099163913538,-0.69838345731273,-1.20061016480925,-0.893486927711056,-0.554146739042888
54,CUB,5200,5630,6110,6640,6840,7230,7480,7950,8630,..,-0.0078209400275259,0.0964985990967583,0.1817480467984,0.22724223275672,0.214142579335342,0.157902541706838,0.0911831698686808,0.036578756776887,-0.00978066226269748,-0.0411262892496893
55,CUW,..,..,..,19890,19760,19520,19030,18960,19430,19700,1.26551415533004,1.42089766276671,0.829929595036991,1.13367890654299,1.34764139563651,1.31959390251523,1.06031644056836,0.319536038312865,-0.525178744011738,-1.19643951751799
56,CYP,32040,32550,29680,27830,26530,26010,24720,24960,27330,28600,1.31435017990175,1.09232382023245,0.903504247637881,0.774057448341904,0.734358831588459,0.751316386354157,0.789476881596144,0.808217946249284,0.80854929846874,0.779957016025289
57,CZE,19400,19460,19440,19410,18900,18370,17670,18310,20560,22110,0.29136167418042,0.206747667335417,0.139925655740972,0.0331699460503076,0.105277581527518,0.196588748472653,0.192048415842684,0.265642663548985,0.334427262299794,0.393788864202175
58,DNK,61220,61990,61650,63200,63670,60510,58040,56690,61260,63460,0.444197154509531,0.411737855195019,0.376272242619955,0.416901360752097,0.507053283010163,0.706423849687002,0.780392644135167,0.643350903737356,0.495838925879129,0.358130915892652
59,DJI,..,..,..,..,..,2540,2640,2730,2910,3110,1.48370781049189,1.59130561077479,1.6802510753989,1.73119808534073,1.72966983945298,1.68713196053581,1.64062894888599,1.59974199816625,1.55786869505917,1.51455950269865
60,DMA,6730,6920,6850,6700,7040,6920,7270,7270,7800,8210,0.0409243258489963,0.0493691340102498,0.0592108062919439,0.091566712743407,0.101329964338399,0.118088664559983,0.1852866155223,0.214335327593936,0.23202839477624,0.253775391715059
61,DOM,5330,5540,5790,6030,6330,6580,6860,7090,7780,8100,1.22855325822389,1.21079976113526,1.19223652132696,1.17433819883707,1.15722499834282,1.13948330027521,1.12250979934744,1.10348624035038,1.07886200909288,1.04662057856427
62,EAR,2794.61074115554,3011.39646228251,3304.11377072441,3427.03280114147,3457.64323166445,3336.23982637304,3297.3136770411,3356.65862186891,3524.05566105181,3583.57225728639,1.52282062146607,1.49614799160219,1.45432355830573,1.42726346962804,1.40270801807661,1.37907753512323,1.35428545911229,1.32869883249593,1.30759887707752,1.28916576664504
63,EAS,7362.61427356094,8171.85185951216,9137.01904564552,9730.28863785911,9951.48415592898,9831.57147902454,9907.04529329226,10242.7151311271,11108.8970228457,11702.6754085493,0.676314793294381,0.711097483011059,0.797946808180086,0.785237699791821,0.760505772872392,0.722074344255347,0.707112182416367,0.711239441813305,0.618076200643685,0.540630062102679
64,EAP,3755.32160071509,4342.45436799393,5078.2914778995,5707.12778966166,6205.49539990709,6455.55940415309,6662.47405853509,7001.5623284897,7680.85263745823,8266.72217438276,0.713952784552262,0.762252456580924,0.855373834810209,0.845605458430001,0.814305939670419,0.770191502404288,0.752490431152935,0.763178898392567,0.659751380676312,0.57488397616558
65,TEA,3798.09820176587,4391.77681512784,5135.75214589506,5771.48346949312,6275.23998448055,6527.88756676961,6736.89451282923,7079.51832816746,7766.19477956563,8358.45335823533,0.716800707666664,0.765513664057792,0.859685553922802,0.849724072532169,0.818079492533002,0.773549980892611,0.755764134866354,0.766692193794924,0.662116174211008,0.57637572311593
66,ECU,4400,4880,5390,5810,6110,5970,5800,5860,6090,6090,1.58940945340249,1.5387578951487,1.4989154903973,1.49689924339943,1.54370951998338,1.61793842153926,1.70687458770944,1.76850279585209,1.76565269522798,1.67917269268893
67,EGY,2370,2560,2840,3030,3230,3340,3440,3030,2790,2690,1.98480507963281,2.11377559615712,2.21474099517289,2.26795425995553,2.25925135870425,2.20702533886058,2.14522226806526,2.09083266789985,2.0332723991851,1.97628022437557
68,SLV,2880,3060,3210,3350,3400,3440,3510,3600,3820,3980,0.424566261779668,0.43067750767237,0.439491797451583,0.450320730659221,0.462504406912423,0.475379938992478,0.489163801354667,0.501983868180685,0.509273429616579,0.509699113997832
69,GNQ,9970,11540,13870,14030,13230,10850,8270,6510,6730,6320,4.55859753598786,4.47844612368567,4.39405251755149,4.29188431716242,4.17228049316185,4.04289647772825,3.910797910143,3.78110663523236,3.65334093213133,3.52884025293578
70,ERI,510,600,..,..,..,..,..,..,..,..,1.60620728106538,1.36371886893331,1.1180373862657,0.95993162811431,0.909803592359427,0.942981580368309,1.0042683597868,1.07037642858431,1.1624015499457,1.27542875493828
71,EST,14580,15840,16760,18140,18880,18570,18290,18760,21200,23050,-0.22805796852935,-0.303582823643979,-0.357944411443807,-0.355891802625531,-0.262256175097854,0.0655525295417938,0.0291122255540077,0.121070631466687,0.348039137980543,0.368313695574019
72,SWZ,3460,3860,4310,4420,4130,3800,3450,3390,3620,3710,0.695379475450237,0.672762228049404,0.674567033429102,0.697837862901262,0.749729090602264,0.819991316155699,0.897738794178433,0.966059893032549,1.014213397419,1.03826564467004
73,ETH,380,390,410,470,550,600,670,740,800,850,2.78375692665143,2.81261373694903,2.82962796762188,2.82701488481635,2.79992468847357,2.75611161556288,2.70807265338359,2.66341448153029,2.61996917105787,2.57969708764895
74,EMU,39883.0734303935,40383.3333827017,39315.35864471,39502.2846514266,39387.497160966,37740.7098224641,36359.2237188488,35888.5077258854,38870.6447910394,40312.1050536951,0.23574335028826,-0.21770720618153,0.220482904555837,0.339991290852652,0.343941814227193,0.303179467875282,0.292608835138282,0.216013924152847,0.223297038948303,0.0889478148948371
75,ECS,24606.4713666245,25069.7323083309,25378.9895577678,26068.4580401325,26091.5974231955,24726.1200793451,23416.2875830608,22917.6295051068,24467.2729647858,25378.3396798714,0.390690539138077,0.251411099970639,0.406589391763276,0.47739192080256,0.483880291812994,0.476733283000868,0.463313674591674,0.410357130364773,0.374230581423191,0.302446958071585
76,ECA,7414.59474099456,8083.71330167992,9345.99285442432,10322.4210871649,10198.9143583345,8828.14777657489,7652.59149231914,7315.6019927577,7693.82460537324,8050.97345337605,0.574768039765388,0.61556595688954,0.615022956564417,0.672966353057603,0.667702436320198,0.680088324637268,0.660634966718405,0.616357387217434,0.543599572820241,0.498230144190813
77,TEC,7997.87509215611,8581.80261105843,9687.24686677666,10571.0844790946,10491.6544364984,9279.26238991132,8206.79185500416,7936.52499029184,8446.51787951771,8911.24550567235,0.437868981383986,0.506814531151448,0.505002383636622,0.554046335963704,0.547809576527783,0.551979789113389,0.534920712986491,0.497631192047891,0.437056224621529,0.402187492413276
78,EUU,34804.5848769181,35262.6702171978,34543.2744288995,34848.9770025338,34817.7778259631,33421.9762658544,32200.3926871901,31865.2726818601,34588.9882336518,36005.2587887779,0.139394235979154,-0.177886373302854,0.147238215165672,0.243212931975847,0.250233310447911,0.218020030020739,0.212345573780311,0.156820031833419,0.163332878695186,0.0632554128908964
79,FRO,..,..,..,..,..,..,..,..,..,..,-0.0230084609400646,0.025099876724043,0.0585418904841778,0.121156431932627,0.133519724423689,0.187461000533659,0.245250985462817,0.31710199733865,0.353222225693126,0.370469890859404
80,FJI,3650,3770,4140,4710,5020,5100,5280,5370,5910,5800,0.721353944911169,0.421873730679218,0.186749844268206,0.0620570008249373,0.0975723050605574,0.251861863930646,0.433535156741165,0.577645837253693,0.684860282111394,0.729092657357544
81,FIN,49750,50260,48970,49510,49420,47180,45530,44840,48220,49940,0.457494535465831,0.463558707499131,0.475809486683209,0.460723772785295,0.413560207519414,0.329383885818507,0.287421401687637,0.234670531705453,0.132641040791912,0.110191690491055
82,FCS,2146.00978590432,2022.05291717091,2186.61277151156,2246.33563478987,2295.85606703707,2028.74936716875,1868.03269095143,1769.37158551708,1757.63284955723,1824.28379536428,2.34324635431955,2.35625588742796,2.36710687080392,2.35235870167425,2.2974734891164,2.25591710696065,2.19393913761144,2.14690649276656,2.13472068952431,2.1652468755383
83,FRA,43970,44440,43410,43800,43340,41130,39100,38320,41200,42550,0.494040602950225,0.483675544447657,0.483998961260596,0.514773829097755,0.473706907839969,0.355569240058298,0.263868788565368,0.29020211635109,0.274451849056795,0.218824148997353
84,PYF,..,..,..,..,..,..,..,..,..,..,0.448745827848425,0.46915658616853,0.481837052041604,0.495804118415203,0.509552892497902,0.516123546754037,0.532049201477854,0.556400386544863,0.565206883686247,0.578860345386691
85,GAB,7850,8120,9090,9330,9330,7970,7080,6510,6830,7170,3.45914677152663,3.65632223436154,3.78858379514105,3.77941142417916,3.60662305351134,3.33525107312594,3.04363801829034,2.79587459437534,2.60348679566927,2.48404317871067
86,GMB,890,760,760,730,650,620,620,660,720,750,2.99568796782189,3.01796344575918,3.03116971169135,3.03420154965796,3.02595091827443,3.00872083418281,2.98837300675649,2.96906958481079,2.94601268814255,2.92186286632026
87,GEO,3210,3520,4150,4530,4740,4410,4080,4040,4460,4690,-0.729475256932528,-0.802164039694326,-0.736565518814038,-0.300972141406188,0.0469539002549217,0.157481405176007,0.0598165991047394,0.0133860746662629,-0.0390365463489613,-0.171565740223868
88,DEU,44680,47320,46560,47220,47640,45780,44280,43760,47470,49190,-0.153198446937304,-1.8537146287573,0.187727800567293,0.272900214681538,0.416877359168292,0.865702643950251,0.807218538573871,0.373724559895838,0.300526701992065,0.22551987421288
89,GHA,1240,1380,1530,1840,1880,1940,1810,1880,2120,2230,2.48700897388359,2.42440178256109,2.36948272778757,2.32382860718794,2.29181383680384,2.26877798247593,2.24660996015773,2.22050488189039,2.19285287421765,2.16258446185622
90,GIB,..,..,..,..,..,..,..,..,..,..,0.0685064139857829,0.0684595148253082,0.13380712958216,0.121757480110976,0.0949273283980588,0.0474298935790141,-0.0118553645663418,-0.0444701390350008,-0.023725496122441,-0.0266979132717019
91,GRC,27610,24560,23180,22430,22010,20190,18640,17960,19080,19670,0.128880432668041,-0.147951277402184,-0.540752950543684,-0.725120806658085,-0.666113290031891,-0.658861360878339,-0.415913028277122,-0.197783224759792,-0.202880238259165,-0.105339392724138
92,GRL,..,..,..,..,..,..,..,..,..,..,1.02802332572502,-0.0263631971297131,-0.14072121935205,-0.577265864735276,-0.333398666658893,-0.322038549275343,0.128227978389047,-0.0267006062623867,-0.263828878276887,0.359917714454119
93,GRD,6940,7060,7030,7350,7520,7750,8350,8740,9610,9750,0.415067525443612,0.524851800808174,0.621740443257645,0.667831666227163,0.670747705283378,0.64347164631606,0.600367480579,0.552600021547813,0.517266573481224,0.494964112035921
94,GUM,..,..,..,..,..,..,..,..,..,..,0.129914569643424,0.15730319197367,0.18768774278448,0.265289398890178,0.368363503065816,0.522831661338121,0.675497259109631,0.814724473342243,0.902290919869412,0.915743567783526
95,GTM,2730,2910,3160,3380,3550,3700,3870,4100,4400,4610,1.83655642844003,1.81948775605672,1.77749578673149,1.75716769812924,1.72875760277972,1.69146509302391,1.65807331834237,1.62765379973835,1.60038598150372,1.56038604781094
96,GIN,690,680,700,700,740,760,780,820,860,950,2.25938161116451,2.21515030486438,2.197958681877,2.23532763160631,2.34225412440163,2.4898348435131,2.64435773103833,2.764879904347,2.8331175118102,2.83478481749442
97,GNB,580,640,630,640,640,640,650,680,720,800,2.57341352656849,2.61831220530319,2.65074262506761,2.66076608274062,2.644755927701,2.6111512533031,2.57011948297183,2.53224925787499,2.4935051959006,2.45652856791883
98,GUY,4510,4820,5290,5540,5570,5470,5600,5910,6290,6630,0.228701604144641,0.346196945211445,0.445663749260621,0.514040832989459,0.537221878235554,0.530702759294195,0.510790065048753,0.498520023687447,0.487575158848574,0.482526666451711
99,HTI,1130,1240,1300,1390,1430,1410,1360,1340,1410,1390,1.53210280667313,1.50631004058552,1.48005462449313,1.45027666858973,1.41613128249998,1.37950998738794,1.34139498435713,1.3050204632281,1.27405022512994,1.24985422874917
100,HPC,783.653846945433,819.1784956732,861.264073391683,915.895585976056,979.277427484407,972.427645331394,961.429240264603,974.181061156424,976.419431013861,992.561498149362,2.81720564779226,2.83587468593728,2.84653958702197,2.85053897929042,2.84584520269364,2.83412658229574,2.82103712571693,2.80598640542024,2.78331770736698,2.75219402545403
101,HIC,39344.1388106561,40657.5953522159,42001.709178159,42814.2384529903,42973.3916309879,41753.3900609787,40885.146539535,41181.5564898598,44073.222123883,45604.7584975013,0.642976577371329,0.459437023950372,0.574439617944961,0.577715113483677,0.589986802434723,0.570279710083611,0.570652896451264,0.504437981142544,0.465442831525877,0.406023769568691
102,HND,1740,1880,1970,2010,2010,2060,2120,2250,2330,2390,2.02441331695389,1.94316947523917,1.86932160846233,1.81013079423251,1.76927098953001,1.74147410181564,1.71775974956218,1.69227148219463,1.66708222728063,1.64061784169287
103,HKG,33620,35690,36340,38570,40240,41180,42970,46380,50050,50480,0.734446396338105,0.672543291818633,1.1039579972368,0.401982535858444,0.702370950536049,0.851197911086988,0.619366345332479,0.768513877614955,0.800230596967774,0.739283471323064
104,HUN,13270,13260,13090,13520,13560,13230,13100,13190,14980,16520,-0.226013875689698,-0.283360435946948,-0.516437606548041,-0.27536875707442,-0.269378767165116,-0.237855001984657,-0.295110604845478,-0.265860932255517,-0.126786951652838,-0.0452557101106228
105,IBD,..,..,..,..,..,..,..,..,..,..,..,..,..,..,..,..,..,..,..,..
106,ISL,36270,37610,40690,46960,48090,49940,54910,60230,67760,72900,-0.143903000294037,0.305468368224399,0.532100734916982,0.945885900369151,1.11250475522796,1.04194038662969,1.38808149583838,2.34558267643862,2.67814276922904,2.19893225826166
107,IBT,3481.42547719853,3838.84214633283,4324.15356118574,4658.22575608303,4805.64590492651,4658.66596093022,4558.7709657871,4643.03215680153,4967.56938526995,5207.67130343961,1.30435012272652,1.31931323037169,1.33929488618998,1.33280950410193,1.31398087529911,1.29173689840125,1.27735617368485,1.27011046036485,1.22353946044116,1.1843629771727
108,IDB,..,..,..,..,..,..,..,..,..,..,..,..,..,..,..,..,..,..,..,..
109,IDX,..,..,..,..,..,..,..,..,..,..,..,..,..,..,..,..,..,..,..,..
110,IDA,..,..,..,..,..,..,..,..,..,..,..,..,..,..,..,..,..,..,..,..
111,IND,1220,1360,1480,1520,1560,1600,1680,1820,2010,2100,1.35033831370532,1.28851296178524,1.23148489388617,1.18290421490412,1.14567340150608,1.11689591278599,1.09045932094686,1.06335942989132,1.03782784787162,1.01326124930492
112,IDN,2530,3010,3580,3730,3620,3430,3400,3530,3840,4050,1.3377824768766,1.34790440280692,1.35169978721169,1.34077086414715,1.31094524538172,1.26782970253157,1.22059105826764,1.17619742367279,1.13450697951891,1.09792643725552
113,IRN,6250,7020,7660,7530,6960,5710,5730,5750,5110,4260,1.14215042395487,1.17582867782158,1.20517252138084,1.23941932960237,1.27812132080551,1.31632102523348,1.35622574111708,1.38533380166753,1.38647833501238,1.35228980616831
114,IRQ,4580,4960,6310,7050,6750,5800,5340,4640,5040,5780,2.61896343035427,3.25271672235618,3.72062751428444,3.89628381431623,3.71481632582884,3.3162514919462,2.87723163897077,2.54089597268518,2.31845313270607,2.25413907484826
115,IRL,44850,42220,40730,43510,46410,50390,51810,53350,59350,63300,0.544884384079014,0.436072439258428,0.4237438032978,0.526556158855653,0.731001376585771,0.944845307474728,1.12883406399428,1.08867556062,1.23887545258946,1.36762695363797
116,IMN,71570,74390,82210,87840,89000,83990,78860,78810,83660,83920,0.563714672676353,0.0388818526798947,-0.419070043077339,-0.651560883022837,-0.593530251464843,-0.307101968807689,0.0768639545913868,0.376260134981162,0.552233889715099,0.611876545859163
117,ISR,29770,31760,32540,34670,36300,36200,36540,37970,41320,43540,1.82675240987847,1.84807786159597,1.84615132126711,1.86605289478673,1.91954379859591,1.98128897562083,1.9603489624817,1.93872567441099,1.92662286520241,1.90898263957994
118,ITA,37960,37980,36220,35570,34910,33000,31970,31380,33850,34940,0.30759122234095,0.171978290995717,0.269541239520996,1.1592511168095,0.917504095962437,-0.0963761331392095,-0.169884073301448,-0.14986111697397,-0.190063640113791,-1.15302842389952
119,JAM,4390,4590,4980,5010,4910,4700,4600,4750,5010,5250,0.521735381598588,0.548862742473938,0.57148456718391,0.581740676170178,0.57298511603621,0.551043933758775,0.525007303608295,0.501314741642566,0.47833817688853,0.456356507419859
120,JPN,43910,47470,50060,48850,44440,39380,38460,38930,41770,42010,0.0179605415195644,-0.185226486410846,-0.159710675844347,-0.144271883387076,-0.132694222147042,-0.106124993746747,-0.0511374152133631,-0.081874296046114,-0.126880068088791,-0.140464977878172
121,JOR,3520,3620,3720,3830,3920,3950,4000,4080,4270,4410,5.20482327869944,5.37929559488532,5.42391362973706,5.16738664705539,4.58658511076862,3.82497489731351,3.05762255617112,2.39465932202378,1.81748233928602,1.35921632969114
122,KAZ,7440,8280,9940,11840,12080,11380,8770,8040,8070,8820,1.41327147745347,1.43151244887822,1.40867688701824,1.43944535624798,1.47267087305755,1.46148468519161,1.42204614032925,1.36038126908993,1.31452298457883,1.28960848954226
123,KEN,920,1000,1050,1110,1230,1300,1460,1510,1680,1830,2.7225900011839,2.69374364646689,2.66280780440883,2.61860447776138,2.55940314494339,2.49176754837837,2.42082093780373,2.3564774490698,2.30574364203494,2.27274637907931
124,KIR,2040,2090,2620,2980,3200,3450,2800,2930,3170,3440,1.96417541978949,1.73842049192614,1.53868138420516,1.42642187780666,1.38076698674731,1.39802743576964,1.43386389002529,1.43286876361253,1.46875398423395,1.51298666799305
125,PRK,..,..,..,..,..,..,..,..,..,..,0.492066889676383,0.506081340779637,0.514396262366461,0.518246253061351,0.51330357772782,0.501732435620516,0.490511296531531,0.481502958338939,0.469955192788577,0.455141902020057
126,KOR,22290,23590,25660,26980,28160,28720,29330,30300,32750,33830,0.49822508440111,0.768971758582589,0.525713660600414,0.455218622164662,0.628149861433639,0.527288497407793,0.396851823381145,0.280968018301691,0.433519027613049,0.347874968577526
127,XKX,3150,3390,3540,3800,3910,3930,3930,3950,4300,4640,0.803248961277754,0.859067492317545,0.895254757473813,0.607467946683114,-0.294473630866066,-1.3649323381159,-0.596734073866868,0.753584842739213,0.33901096210321,-0.457730006092952
128,KWT,42490,43790,49690,53060,51000,41820,35330,31400,33710,36200,5.87973235396896,5.72142299542758,5.55000812778985,5.16548156283081,4.56084810570999,3.84418504828989,3.11285391822542,2.47711270117599,1.98243711082377,1.67213222595982
129,KGZ,850,880,1040,1190,1250,1180,1110,1110,1220,1240,1.19286442880631,1.21689072909974,1.66523655939962,1.98473866725772,2.0061078993716,2.05902596620676,2.0372244221997,1.93364715643057,1.99032207024617,2.08787614010317
130,LAO,1000,1140,1370,1610,1830,1980,2130,2260,2490,2540,1.62205058536827,1.5622782368538,1.51601262173813,1.49049847506341,1.49400418566463,1.5155746860205,1.54103201749189,1.5535342498681,1.54795306869369,1.5172569744542
131,LTE,5768.62114292589,6501.71637895677,7474.05412697205,8268.55963769086,8670.56146118036,8494.83703739145,8337.24107771201,8543.54149635447,9337.93853409794,10006.0476625278,0.599159894567762,0.637719628412597,0.714958815927474,0.711688580357745,0.687387559762826,0.650958849824647,0.642314632800691,0.652777099545659,0.548103954919242,0.463304857998835
132,LCN,8040.84581267756,8856.32216336157,9782.41362016686,10195.9844430685,10083.0813014451,9122.30093473327,8407.50010346202,8295.67058490361,8626.96424849315,8722.61934610076,1.11453109472404,1.11970804525731,1.09910909757018,1.07796594370753,1.05040830078802,1.02305108077958,0.995105679085626,0.966192505058387,0.9325703733045,0.92864702421285
133,LAC,7619.21307581567,8458.28580343224,9346.89173160202,9790.2559923569,9612.90302211588,8783.01417992311,8047.0303200385,7911.64549757574,8188.05564084735,8253.94081212748,1.11247366692233,1.11787622306568,1.09264455836826,1.07870541563901,1.07818992629389,1.08486696292954,1.09720589989561,1.10153467439187,1.08373738339304,1.03617227653123
134,TLA,8004.48084558297,8829.13098196073,9765.20062547228,10177.8312461515,10058.1978030475,9064.99352633891,8325.4189302107,8200.75802804966,8523.60423540041,8611.68210682246,1.14774165336932,1.15507579029857,1.13212093973726,1.10857775712283,1.08312161003229,1.0562116418981,1.02917595710714,1.00275122816012,0.977052246828933,0.951931057332089
135,LVA,12650,12740,13800,14850,15340,15110,14800,14870,16550,17810,-2.08130508988111,-1.82076700208005,-1.24035915329271,-1.07103480329077,-0.941743354234222,-0.818626340945853,-0.913885332226604,-0.886215573292392,-0.779138396192231,-0.695239140136066
136,LDC,776.70024098349,833.410119017772,907.564626118434,983.550391274676,1031.52107330279,1010.6683573469,996.160990439882,1030.71828916425,1074.99531615091,1120.98236162203,2.36035174045213,2.3733454450728,2.38125025694798,2.38633925689176,2.38678402403826,2.38325326845053,2.378802213301,2.37308230209443,2.36270928829003,2.34698260328537
137,LBN,7470,7560,7560,7650,7540,7290,7220,7460,7590,7280,2.86803826418261,4.90410211757948,6.25174094051932,6.55912171719335,5.71912410680609,4.24701618392068,2.74193248822904,1.55307816183349,0.585360849269362,-0.0539404817281259
138,LSO,1270,1360,1500,1460,1350,1310,1270,1190,1230,1330,0.27297537342346,0.41096551086715,0.557135557161302,0.669716682610783,0.732817028859017,0.758719326998128,0.775514209299446,0.791589928337923,0.799793018141496,0.800269955388003
139,LBR,460,520,570,650,650,650,640,640,630,610,3.59016390667023,3.18884373580466,2.90010350523034,2.68801998464313,2.58315947137196,2.55277350982765,2.52930549204178,2.48555913100141,2.45258690738409,2.4272153554856
140,LBY,12230,6110,12900,11470,9070,8380,7730,9900,11180,10200,1.03279845585375,0.799852879464311,0.611386604684116,0.548926061721924,0.657433708371546,0.880669873783281,1.14396728727023,1.35493226540367,1.47585263915873,1.46982235441249
141,LIE,..,..,..,..,..,..,..,..,..,..,0.76130821279276,0.838237151027754,0.866779983105325,0.883698225806073,0.752440880642089,0.658778023875938,0.505858373704087,0.397562145691811,0.298456436961338,0.26864036804366
142,LTU,12570,13320,14100,15340,16070,15190,14890,15280,17470,19060,-2.09694341985475,-2.25846389882827,-1.34120198821595,-1.01200736818103,-0.859827343070249,-0.940753796646208,-1.27069453298857,-1.39832220092102,-0.954190459209969,-0.264704354944785
143,LMY,3310.04506509365,3668.24348939301,4148.64925276045,4485.13482694556,4629.52763347916,4506.50315189364,4414.13658541344,4497.77641184816,4806.56245986804,5035.94434770631,1.31831051579007,1.33054783694003,1.35067281844894,1.3450486542857,1.32840741377321,1.30941625969699,1.29847103551894,1.29368817100959,1.24744575126631,1.20536193963368
144,LIC,1073.25328366814,887.570758528333,781.572639104865,758.134348593883,782.426840092,759.810046345748,748.271741849984,759.06188051367,716.852411942431,719.102579059179,2.74082848514161,2.67374478265869,2.6187886916869,2.58651670536835,2.58293529270244,2.59882767776141,2.61506077149944,2.62566475902885,2.6400315715869,2.65735374071063
145,LMC,1668.81853356761,1843.95824082315,2058.83403920752,2165.80763882697,2206.57253962337,2159.11491960186,2166.8662919211,2219.50086303714,2356.28004833963,2428.43044362638,1.56939285149048,1.55435759907172,1.52580967265285,1.51571823972425,1.49571499089159,1.47944824863507,1.45912620613562,1.43684206213182,1.41480639542672,1.3893628925334
146,LUX,77640,79210,87950,85160,86760,73530,73730,75800,79540,77110,1.8254058035237,2.22266050326725,2.40154189982875,2.31117625275217,2.35697870484045,2.35995118136865,2.15531198799205,2.43097641776115,1.92883751398765,1.9628449198635
147,MAC,45260,54490,60790,69510,72140,62090,63710,69950,76460,75820,2.21948288791181,2.31735693293571,2.36881742693394,2.33599926577806,2.19985609333681,1.99335126527535,1.76658637232662,1.57911395438072,1.4439607580844,1.38562793740991
148,MDG,470,480,500,520,520,490,470,470,500,520,2.79267649390527,2.76190338596182,2.73395412201523,2.71323855057439,2.70101227103798,2.69413797978676,2.68817665365031,2.67980999725449,2.66951722668417,2.65644587984943
149,MWI,450,490,460,410,370,350,340,380,440,560,2.87065408031325,2.86449596557394,2.85868448753604,2.8384987806274,2.80304251760847,2.75941225496406,2.70968236962903,2.66644645704802,2.64174528787889,2.64093709821938
150,MYS,8260,9050,10180,10840,11140,10680,10150,9950,10650,11260,1.69100946649984,1.55804019772355,1.44573944701104,1.36918357135887,1.34047496185505,1.3448002213693,1.35735924562312,1.3594891710441,1.35196001397349,1.32884901520668
151,MDV,5960,6590,6630,6800,7320,7650,8070,8600,9210,9640,3.43202635768944,3.9572424041097,4.30501951635701,4.51860343118191,4.56833997812784,4.47209805541824,4.42690070801571,4.30006271362034,3.81549331609073,2.91480812041913
152,MLI,700,730,730,780,810,800,780,770,830,860,3.15863381986127,3.04461310886847,2.95250852174454,2.90104516964025,2.90194115938757,2.93599897717652,2.97543544750901,2.99919867073212,3.00806522834665,2.99625535273008
153,MLT,21370,22120,22160,23370,24560,25230,23440,24710,27950,29330,0.49118281065151,0.423700885195294,0.899209211902256,1.4040502758129,1.9967544083193,2.38639536345808,2.28861544064371,2.73866285589301,3.49195540302534,3.93135631850717
154,MHL,3550,3570,3470,3880,4040,4290,4250,4440,4840,5050,0.188250393023619,0.288789676722812,0.332050183221665,0.388930931556708,0.438151354676189,0.455390878332687,0.484514740861651,0.57006787881311,0.616496178310496,0.646743378680184
155,MRT,1500,1600,1760,1850,1750,1640,1510,1530,1640,1720,2.926972491675,2.94532125452222,2.95452101978226,2.94920984544727,2.92719086716152,2.89369909323781,2.85598806457222,2.81923462214867,2.78008863129266,2.74148343597351
156,MUS,8080,8400,9550,10520,10820,10700,10640,10980,12270,12840,0.237886692890185,0.160140420765724,0.277321025514609,0.220398691741504,0.181061469451535,0.132433082605329,0.0687231379365168,0.0901868114668421,0.0545472669534157,0.0322400432027594
157,MEX,9040,9310,10050,10270,10500,10160,9390,8920,9180,9470,1.43814066910139,1.39478996981758,1.35529442643505,1.31555760676608,1.27768636604222,1.24116450246976,1.20325950587092,1.16396694963579,1.12641479134149,1.09136688717461
158,FSM,2900,3070,3150,3180,3150,3490,3410,3450,3400,3940,-0.0534273667674984,0.515594947324728,1.01754150310071,1.34584881611012,1.42668074182074,1.33316817603444,1.2131540244091,1.1241750321301,1.05221384801299,1.03422854195793
159,MEA,7402.15511391561,7613.38397626718,8427.37912750777,8814.42518726347,8767.82394810284,8090.31366538879,7683.85856994281,7312.53967747733,7522.81840641288,7644.5726394276,2.126041020635,2.07939031015943,2.0372748757441,1.99027354797074,1.9405672433481,1.88967716286453,1.83040688166223,1.77182905054975,1.73924151199654,1.72287482191183
160,MNA,4519.00227459414,4371.81176618571,4720.8098693431,4765.69734237986,4611.02029126733,4163.41862517798,4063.73861605164,3878.91177217644,3770.90586781506,3631.99596561753,1.79775424707678,1.81358769674334,1.82559904863172,1.82376975932192,1.80461319460177,1.77438158837295,1.7359575102895,1.69984923088833,1.69062802687019,1.69782485269351
161,TMN,4542.13650553212,4389.14874872805,4738.50969824388,4780.91171439749,4623.43892600692,4169.2905456146,4065.69087523473,3878.30223739636,3765.85646341822,3624.17230150345,1.78824312784283,1.80502831620232,1.81779913857483,1.81669565483602,1.79795412852046,1.76797570868987,1.72959980391067,1.69616459137391,1.68015656912426,1.68761202843403
162,MIC,3540.50530649918,3956.47226349427,4501.23130322636,4880.26049977796,5043.02837185157,4914.93635893797,4819.58271231662,4917.35158595316,5272.17687493376,5535.19709718096,1.17590508210881,1.19400325863164,1.21987565405988,1.21523032304648,1.19544612759373,1.17088411601038,1.15502241993835,1.14646839807581,1.09127604963126,1.04003559094541
163,MDA,2380,2730,3140,3620,3740,3300,3180,3330,3920,4580,-0.0998632072433329,-0.0578188266371312,-0.0131135135644405,-0.0267918821500678,-0.0609555340918141,-0.787848361701053,-1.148202157971,-1.69193257910835,-1.71854141941543,-1.60950755658359
164,MCO,..,..,..,..,..,..,..,..,..,..,1.08991365797569,1.16147269896444,1.19751996711872,1.19961088514868,1.13449255708833,1.07406120275299,0.915658238773299,0.842253416153839,0.752527100059372,0.734075853671846
165,MNG,2000,2590,3650,4330,4210,3800,3490,3240,3690,3850,1.70974126800063,1.83803425141813,1.94252634677933,2.00077435794101,2.00381359314742,1.96424831312739,1.9134192168807,1.86159804139428,1.7959102043121,1.71853282942005
166,MNE,6920,7260,7000,7330,7320,7260,7090,7410,8450,9140,0.183239906425096,0.10504177223011,0.0841474080023094,0.097599636675676,0.0970220113323688,0.0561107244885728,0.0231425307711559,0.011247907097728,-0.0234613531527775,-0.0319870125812963
167,MAR,2930,3000,2980,3090,3060,3020,2880,2880,3090,3200,1.2892074374743,1.34658267280361,1.39357546150501,1.41526843050764,1.40384162655748,1.36882070040432,1.32590216473171,1.28696129912794,1.25076295051273,1.22117870546902
168,MOZ,520,540,600,670,690,640,530,470,460,490,2.74365674235719,2.74931744330296,2.7531631636369,2.76904476204422,2.79857322547603,2.83474676145066,2.87208103472672,2.90067226108777,2.91361831836918,2.90700114585105
169,MMR,620,800,990,1160,1210,1170,1200,1180,1220,1270,0.695008953862852,0.767361731506144,0.826319491319885,0.849772298198154,0.822704165379198,0.76201232393419,0.689474129916256,0.633900885128423,0.608451681137062,0.625695404700204
170,NAM,4500,5130,5730,5950,5790,5310,4740,4620,4920,5170,1.8018943127387,1.7692116979486,1.75020985003618,1.74921013400862,1.77153966467204,1.80789772250956,1.8465539777408,1.87285953996,1.88328489392289,1.87040232780685
171,NRU,..,..,8870,13000,14920,13690,12720,12310,14500,16230,0.641477593094623,0.597670869659621,0.663204608535998,0.707828358359629,0.790363679123904,0.822731253553531,0.959331992808755,0.978583648861987,0.950371773207882,0.802168278666476
172,NPL,540,630,770,860,880,890,880,990,1120,1230,0.481202592360838,0.103647394163717,-0.192706459257694,-0.268486268243194,-0.040180015778352,0.404484777150552,0.915275489934662,1.34529588901848,1.66177642022913,1.80944248570395
173,NLD,54070,54590,52980,52980,52000,49850,46930,47160,51320,53230,0.512923100553586,0.466428782200821,0.370055034770235,0.294820793441482,0.359828172726548,0.443220089035769,0.532178879608489,0.591203366164118,0.583933408920832,0.65507157480522
174,NCL,..,..,..,..,..,..,..,..,..,..,1.53321542873142,1.82508537401111,1.81167904307637,1.77944042769409,1.65510642970682,0.242198534789868,0.241613350509724,0.241030987183191,0.240451424461215,0.239874642189939
175,NZL,29680,32230,36700,39930,41680,40660,39440,38870,41650,43050,1.1117260560215,0.762479795105218,0.548220797298334,0.768347998194806,1.66101200071152,2.0360339086492,2.24603210015584,2.08872272281936,1.79124016759035,1.59115889619722
176,NIC,1460,1570,1670,1740,1830,1890,1960,2030,1970,1890,1.35737160705997,1.34693557935178,1.33769299842878,1.32724327889097,1.31539317229669,1.30197873969913,1.28898863383271,1.27473066409974,1.25537577858764,1.22975908801825
177,NER,520,520,550,570,590,560,530,520,570,590,3.84416665603582,3.87641358325453,3.89874303777256,3.90731712034815,3.89984696834574,3.88145154449419,3.85984309179029,3.83900131197354,3.81673672075794,3.79420663603704
178,NGA,2150,2180,2440,2690,2940,2820,2430,2090,1960,2030,2.67144283048865,2.67788556977663,2.68092955479893,2.67690791037647,2.66500650321728,2.64740607245442,2.6276751510372,2.60766705440125,2.586551303075,2.56487195537782
179,NAC,48694.2773522938,50293.242505786,52633.0427682045,53881.1887148419,55444.9658446565,55719.485041468,55812.9915428196,57603.1608568308,61625.5175728521,63981.255356631,0.860906957950519,0.754291919645382,0.771504745059005,0.731728411274219,0.76336551220308,0.73984716254256,0.768191348897489,0.691849710608722,0.61812853613192,0.557163665964495
180,MKD,4740,4840,4770,5030,5220,5130,5000,4940,5500,5890,0.21107377513823,0.171871346437471,0.121614265751721,0.144870083488649,0.166476984005751,0.133165884651483,0.109300286352773,0.0970341952851146,0.0826362901268217,0.022971838409121
181,MNP,..,..,..,..,..,..,..,..,..,..,-0.412333593957157,0.0777893060414775,0.540995974147583,0.879996878916943,0.935630468517234,0.860646291860494,0.728795894979101,0.649283813705843,0.592374927349641,0.567914446411007
182,NOR,88490,90330,99110,104190,104370,92910,81370,75650,80320,81670,1.24566617956207,1.297189390693,1.31344098868985,1.20914158930136,1.12773667734928,0.995084736958414,0.880969815359919,0.807673181884948,0.660090844249,0.675061373245644
183,INX,..,..,..,..,..,..,..,..,..,..,..,..,..,..,..,..,..,..,..,..
184,OED,35473.0932758267,36599.4938791181,37738.3600235708,38375.6590259904,38464.3132270572,37337.112900259,36463.6913208498,36635.2881230442,39044.2267922574,40249.5568725147,0.660299135312229,0.511753208069536,0.622512053427471,0.644054908535225,0.66988249611191,0.661049895082371,0.674976977929575,0.629847489295685,0.595827356162062,0.514993875926066
185,OMN,16080,18620,22270,23340,21920,20160,18190,16130,16370,16430,5.58643325914853,6.66645722749049,7.32062229729818,7.34958283177602,6.73889353552856,5.7905914207208,4.84573377215671,4.08380596990524,3.44516591013401,2.96857894027324
186,OSS,11517.4692470171,12467.5563119601,13792.6125988055,14874.3453172267,15086.963106374,14067.4199199528,12934.417024194,12241.049435046,12985.8044122332,13593.4913209056,2.49084795267571,2.29180310613874,2.17407970927613,2.08349975629251,2.05022602596749,2.06049150404701,2.05192647608321,2.05142669967134,2.02831249137201,1.95298387680629
187,PSS,2962.85178614213,3114.82860798622,3350.95677164451,3730.21379193228,3874.04976920896,3903.55512468782,3936.70067767612,3997.10002724776,4294.99498659611,4354.04335813377,1.28961347729557,1.23273375723467,1.19301028455602,1.18564565165549,1.22450935546408,1.29198410368924,1.36668510667587,1.42609601030119,1.46993491522119,1.48826881534747
188,PAK,970,1030,1120,1210,1230,1260,1360,1490,1670,1620,2.19703454391766,2.1587965238654,2.12622217687153,2.10324458397736,2.09245641637654,2.08855182687829,2.08632617723589,2.07757838708128,2.05754609472119,2.02296715968838
189,PLW,11400,12270,12760,12870,14150,15860,16720,16540,17380,16710,-1.85415310682776,-1.15400978178336,-0.638726982864775,-0.181622162418011,0.124900663449695,0.226693211277624,0.299579117873217,0.512287550402811,0.571110174925296,0.501226266544612
190,PAN,7260,8550,9540,10630,11190,12200,12780,13750,14490,14920,1.75791916002705,1.7359675150347,1.71610529133903,1.70425637555166,1.70266644495945,1.70730192071397,1.71342547401684,1.7115446013077,1.69263129326398,1.65193014674349
191,PNG,1740,1820,2270,2500,2990,2860,2710,2590,2600,2720,2.29321319778709,2.18756194972916,2.10303595947999,2.04146150645363,2.01269943044096,2.00622070097932,2.00249213453639,1.99017879640459,1.97474647313459,1.95370007291066
192,PRY,4050,4440,4750,5500,5800,5640,5420,5370,5600,5510,1.35430829278367,1.36648150233433,1.37243441106067,1.37280982867693,1.3616134394318,1.34288874047377,1.32376609888762,1.30717021817901,1.2878740141998,1.26523860853119
193,PER,4410,4970,5790,6420,6530,6340,6110,6060,6480,6840,0.812925977468265,0.811896398192238,0.825158485436818,0.901465289348181,1.05701942309521,1.25615925906743,1.48315720541552,1.66192767329954,1.7182682912873,1.6161567459337
194,PHL,2370,2520,2860,3160,3330,3380,3450,3530,3710,3850,1.6661133640265,1.69181178702327,1.70412578861596,1.69208799737211,1.64668215233623,1.57936252126472,1.50710255674413,1.44527760718223,1.39596533979435,1.36449622326603
195,POL,12740,12890,13160,13390,13560,13310,12720,12730,14150,15360,-0.285609121534849,0.0537697088781007,-0.000239076003298365,-0.0603600174744649,-0.0748462292920506,-0.0666411009657168,-0.04298513087435,0.0124800985844923,-0.000200132782838419,-0.0244271070993493
196,PRT,23030,22770,21170,21380,21200,20460,19940,20060,22060,23200,0.0459100367184907,-0.147084878575482,-0.405421787747567,-0.548815210952228,-0.539190466792077,-0.414141101993213,-0.315459016997883,-0.243889410358812,-0.160104021146769,0.0237334946497115
197,PST,40371.8408951775,41709.5332406323,42985.2693484736,43725.7217833669,43847.1410494628,42621.7341887328,41825.613055935,42229.5365401498,45183.0622096081,46718.7638370329,0.466184669545086,0.275999145253607,0.419918178763723,0.438957237172005,0.455769353283813,0.447485666297752,0.452766054778266,0.382623560768167,0.350812965368448,0.28203083367579
198,PRE,1330.88559077756,1384.52591666128,1548.52205875975,1684.09779161249,1777.49581746513,1665.98891139172,1500.34719355063,1377.17856116137,1354.74985445563,1414.45045383595,2.89786209331851,2.93196247556837,2.95308239478263,2.95558951334762,2.93495951083158,2.89900208102362,2.85946591910778,2.82418374737507,2.79176818724804,2.76433606987581
199,PRI,16920,17670,18680,19170,19280,19420,19710,20000,21080,22060,-0.506170056982176,-1.15654029293994,-1.20998793422288,-1.14593097838135,-1.6331283312239,-1.75920825815177,-1.93497109034618,-2.4180176217623,-4.0483910336329,0.0106465459574109
200,QAT,63620,66950,72880,79390,80890,73440,64550,56920,58830,61180,11.4833710187286,9.23184348445773,7.57537257117744,6.20148517007306,5.11490132315641,4.23975568526253,3.39762651032449,2.61575105799256,2.0687541103032,1.79524654253794
201,ROU,8640,8650,8760,9320,9700,9600,9620,10110,11430,12620,-0.593959183588628,-0.491866212866043,-0.445177936198383,-0.371323062878035,-0.374575497762261,-0.470052227864654,-0.573660845379617,-0.578007015146885,-0.587493307403584,-0.526814821936341
202,RUS,9980,11060,13490,15190,14630,11780,9730,9210,10250,11280,0.0448957880908489,0.077981777433695,0.168305035277726,0.212950704549247,0.217642262118,0.192557946508244,0.170245238698228,0.106870569429971,-0.0130668924933287,-0.0495686654330689
203,RWA,600,650,700,720,740,750,740,730,780,830,2.58885008064935,2.4985228270333,2.45979861275517,2.45195069689716,2.48552575680974,2.54270036203703,2.6024940114545,2.63976245281264,2.64406078348327,2.60731374636986
204,WSM,3450,3630,3660,3800,3820,3960,4110,4070,4050,4230,0.750886801099452,0.816794529594394,0.860430528411051,0.854663299630865,0.787611270664912,0.668864132591767,0.530860672023836,0.419597535845907,0.393373450356795,0.490819125766011
205,SMR,..,..,..,..,..,..,..,..,..,..,1.27648962734242,1.38051686722579,1.40533697168839,1.39507652563326,1.18178335464656,0.993800751461318,0.697889702987901,0.500194570138155,0.335038486999643,0.23651855869801
206,STP,1130,1180,1230,1430,1630,1650,1690,1700,1870,1950,2.52364978563294,2.27418932025697,2.0772236359715,1.93556125383945,1.88297041207015,1.87875940029521,1.87856316577205,1.88401091022563,1.88756148214117,1.8851478278935
207,SAU,18750,20880,24040,25440,25550,23710,21610,19990,21860,23220,2.92764323588465,3.03897438018909,3.09072464553231,3.03079439709524,2.83622090250505,2.55807744862499,2.2624230012955,2.00706639082931,1.8010622175453,1.66477670240957
208,SEN,1330,1300,1320,1340,1370,1310,1270,1280,1390,1440,2.74312787749023,2.7667570258595,2.78561459548468,2.79913166148371,2.80669872856731,2.80829036215636,2.80732966748881,2.80057660226301,2.78187970760459,2.74996220289833
209,SRB,6220,6190,6080,6460,6240,5960,5700,5570,6410,7040,-0.402005900874718,-0.789468997859736,-0.485299545092705,-0.486591387059998,-0.469489291237153,-0.494772574469842,-0.523694463062603,-0.532191341024444,-0.546351968633598,-0.536610017822353
210,SYC,10220,10570,11540,12700,13310,14160,14240,14660,15960,16680,2.79232906929128,-2.62865635521684,0.980980190128322,1.84687609296508,1.55539570911507,2.22979505321923,1.33763477950025,1.22403375818123,0.954291917891324,0.887925293341637
211,SLE,420,430,530,660,700,550,490,520,490,530,2.25256721055559,2.27459429500247,2.25001929332056,2.23024483169117,2.20708602343823,2.18142872081082,2.16462008761445,2.15406938155801,2.13663626508494,2.10903821950532
212,SGP,44930,48250,51710,54460,56380,53160,53250,54590,56670,58060,1.77183287926401,2.08490245606007,2.45339033031018,1.61930809858875,1.29844017799226,1.18637693749822,1.29743609938602,0.0885954699924263,0.469704298714121,1.14428330688929
213,SXM,..,..,..,27540,28670,29560,30890,28210,27510,..,-0.532990982673547,-1.84029730199093,3.54058281882925,5.52303952564313,2.90226583447676,2.98022317393175,2.90397846114339,1.5023313732953,0.788033880779993,1.72846502838337
214,SVK,17550,17510,17760,18200,18280,17700,16790,16620,18340,19250,0.0931912731899838,0.128936462723796,0.170183855326072,0.107458009492367,0.0970454215834878,0.0950338786482762,0.128922329956911,0.155178995687406,0.138508159611326,0.135328072840865
215,SVN,24620,24630,23260,23240,23620,22270,21790,22140,24640,25980,0.43607948463593,0.207732702329724,0.210024305900448,0.135726228915631,0.0983519219451147,0.075190689011533,0.0731972072415279,0.0651590392490152,0.362584395134764,0.696304046333357
216,SST,10476.2691136552,11168.907841799,12314.1912097134,13233.2146912187,13413.0934383473,12664.4162171653,11724.8490092176,11215.0034581726,11853.4132770631,12395.7173184007,2.05348922676998,1.91128026511586,1.82769949103563,1.76341084319932,1.74154663114395,1.75170536931671,1.74787748982028,1.74918220384126,1.73268126707575,1.67530118620125
217,SLB,1470,1620,1820,2160,2190,2130,2140,2220,2360,2370,2.43127551805425,2.55507020291129,2.650329874041,2.7078233621751,2.71941675327576,2.69783428578086,2.66748790965528,2.64331166884439,2.61108522453765,2.56539282268413
218,SOM,..,..,..,..,..,400,400,380,400,420,2.74573941935183,2.72266121595,2.70369419193737,2.7017534202225,2.71739579646015,2.74537714131231,2.77638699167351,2.80492970604885,2.83192542389384,2.85513551663708
219,ZAF,6880,7760,8370,8070,7370,6610,5990,5910,6340,6670,1.45528193348191,1.52451405625199,1.58135367305518,1.60436736931238,1.58378739591921,1.53224277341692,1.47193342939738,1.41694725378631,1.36370321600461,1.31629200967216
220,SAS,1147.12614306748,1277.12363374592,1390.22022178222,1437.08942963522,1480.67258521246,1525.61781104253,1614.61566647746,1758.40937325533,1951.98246157076,2037.76060180626,1.43492162815882,1.38755974750433,1.33661535788343,1.3078674313397,1.28215324493084,1.26097714806075,1.24443504128682,1.22492615301573,1.20319351718783,1.175104964768
221,TSA,1147.12614306748,1277.12363374592,1390.22022178222,1437.08942963522,1480.67258521246,1525.61781104253,1614.61566647746,1758.40937325533,1951.98246157076,2037.76060180626,1.43492162815882,1.38755974750433,1.33661535788343,1.3078674313397,1.28215324493084,1.26097714806075,1.24443504128682,1.22492615301573,1.20319351718783,1.175104964768
222,SSD,..,810,850,1160,1250,1090,..,..,..,..,3.9265272772907,3.33369599126706,2.83761652164451,2.35865931853706,1.91161097075419,1.51174412560417,1.08467779680228,0.719802049046745,0.595340534474696,0.782197030861146
223,ESP,31970,31020,29540,29230,29140,28450,27550,27100,29310,30380,0.460408305051304,0.355338396471428,0.0649259625617232,-0.327669039579687,-0.298951059088036,-0.077588861590047,0.0844301500680736,0.234587922968563,0.437982993728698,0.717715637103499
224,LKA,2410,2850,3360,3490,3640,3760,3810,3870,4040,4010,0.684559602845539,0.672689270325415,0.129846810394944,0.780301447580142,0.933207942647201,0.91981102654886,1.10498361865849,1.13022048648777,1.04839295829763,0.611875945764341
225,KNA,15270,15900,16070,17300,17340,17160,17900,18530,19780,21150,0.844180814941206,0.875550269318408,0.883990332068665,0.89214135413764,0.886221973644041,0.839385198969423,0.826587612596456,0.785225661948494,0.769573260355873,0.752340352327407
226,LCA,8170,8820,8850,8790,8840,8740,9430,10060,10720,10840,1.07937464193729,0.82716485691794,0.633747350995791,0.480576033839801,0.450800624034365,0.461059797609078,0.499501259900487,0.513598722226695,0.515372718122712,0.496319759662675
227,MAF,..,..,..,..,..,..,..,..,..,..,0.538941033954403,-0.349180049053869,-1.17912274896384,-1.50812712760541,-1.21420996129686,-0.425692391936326,0.545005937077433,1.39889380200843,1.88268261727287,1.9611076778355
228,VCT,6410,6450,6740,6950,6790,6980,7290,7460,7990,8140,-0.0304775276772351,0.0507907202422738,0.11072665491156,0.174146243892115,0.224376163139309,0.244950880035656,0.303748598147779,0.327416124281717,0.349034148811457,0.346915924257476
229,SSF,1500.36435775441,1593.862348593,1728.71494699166,1812.20796857949,1866.58090013421,1760.97481292173,1599.51739435827,1520.84576293031,1524.27666718502,1572.35904053962,2.76352652372771,2.76410285334504,2.7635777760722,2.75829575602684,2.74844041151982,2.73491073639045,2.71952543018021,2.70237141005056,2.68117493134233,2.65583230956132
230,SSA,1499.46373709552,1592.98430868862,1727.77160883895,1811.17000358742,1865.5018840775,1759.81137854923,1598.34706572701,1519.64658000748,1522.98116773893,1571.02676903964,2.76351948743712,2.76465644287953,2.76375186033017,2.75838180937964,2.74855305749267,2.73495600443063,2.71965428274785,2.70250760681674,2.68133213260103,2.6559906104745
231,TSS,1500.36435775441,1593.862348593,1728.71494699166,1812.20796857949,1866.58090013421,1760.97481292173,1599.51739435827,1520.84576293031,1524.27666718502,1572.35904053962,2.76352652372771,2.76410285334504,2.7635777760722,2.75829575602684,2.74844041151982,2.73491073639045,2.71952543018021,2.70237141005056,2.68117493134233,2.65583230956132
232,SDN,1420,1610,1660,1670,1840,1920,2160,2420,1390,940,2.22824511570542,2.30259996034346,2.35980816804628,2.39896299523952,2.41210746724027,2.40720186967684,2.398795478465,2.39524232580927,2.39225797194196,2.39143408960219
233,SUR,7620,7920,8550,8950,9260,8890,6940,5940,5970,6190,1.14290868393583,1.13709445497525,1.12782032745196,1.11122257746214,1.08726253313589,1.05321474744821,1.02258948998451,0.989629209249985,0.957016884778029,0.929025561206018
234,SWE,54630,56700,59090,61800,61870,58420,54360,53030,55690,56420,0.852524628765313,0.755150133665177,0.739763272434863,0.847348652246305,0.992219728591882,1.05745468551674,1.25645398510305,1.34744505956262,1.16164515996039,1.01372226345511
235,CHE,79850,82280,87770,91700,89400,87960,84420,81880,83280,84260,1.0415580576588,1.11187894263206,1.06181932886789,1.14987975781229,1.22010397343287,1.13833715247736,1.09203117387253,0.933155888738653,0.736633975172522,0.713313668444329
236,SYR,10800,6200,3070,1480,1200,1020,860,820,930,..,0.736079607629261,-1.32281945891584,-3.09727333893233,-4.30077509294503,-4.53341481500366,-3.88682264150975,-2.99965715561449,-2.14061860863601,-0.884869262656999,0.735380569237513
237,TJK,920,1020,1150,1330,1350,1260,1110,1030,1030,1070,2.18439215473896,2.2347212083873,2.27761028692613,2.32138959348237,2.3669420480681,2.40860201118626,2.44855053416867,2.47045070066645,2.45355241672442,2.3904900507883
238,TZA,720,770,810,890,970,980,970,970,1030,1100,2.91188894130246,2.94841893616366,2.97566283977017,2.99406163441165,3.0018010574385,3.00106704071869,2.99757445799282,2.99181230291284,2.97948065987158,2.96038624624594
239,THA,4580,4950,5520,5720,5760,5710,5700,5970,6610,7250,0.489622687570703,0.480052607326658,0.469272819846721,0.453815887976248,0.430842608467137,0.402136059408841,0.373014846949147,0.345205219913361,0.315406676202042,0.283525943067606
240,TLS,2850,3730,3570,3210,2710,2200,1750,1800,1820,2050,1.77428525606029,1.77983200773094,1.76733197676188,1.77462460012491,1.80833335713318,1.85281178758374,1.90394572558387,1.94690600412748,1.96841777174323,1.96367631756303
241,TGO,560,610,590,620,640,640,670,720,880,920,2.6962976659218,2.67753252488233,2.66091060739875,2.63574468461472,2.60114952364707,2.56099971332713,2.51868723622311,2.47933129149683,2.44590389318048,2.42023592434892
242,TON,3370,3810,4320,4540,4600,4440,4410,4590,4800,5150,0.0808166372313784,-0.407634792241863,-0.796925116929663,-0.946687819778272,-0.734749916526792,-0.240829043618987,0.359543381433553,0.845706386838955,1.16667421428571,1.24991997807739
243,TTO,16460,14970,16850,18770,18590,19030,16870,16120,16120,16740,0.54532583381721,0.603231766736281,0.644091695000638,0.659178039299363,0.635411345010537,0.585143887675024,0.526294977845311,0.470521283059585,0.416814325359264,0.36828406936599
244,TUN,4190,4110,4320,4370,4390,4190,3980,3750,3760,3620,1.0354454908345,0.997589003956057,0.973852315022298,0.972083635406281,1.00150981471964,1.04982516714664,1.1029429551085,1.1390705538875,1.14586285100402,1.11366949118351
245,TUR,10490,11310,11960,12600,12630,12030,11260,10970,10510,9690,1.40008860606542,1.53156607830159,1.63114823337747,1.69274545557577,1.70264361643927,1.66948158450263,1.63994240407574,1.60131223365858,1.49723204842519,1.31451369970442
246,TKM,4070,4730,5560,6510,7200,7030,6830,6380,6740,7220,1.57024944886588,1.69310292263253,1.79721676532165,1.85198802269048,1.84535409057192,1.79414757129201,1.72948721092205,1.66896488441613,1.60634794553413,1.54657591124514
247,TCA,..,..,..,..,23280,25530,27300,26200,28340,30120,2.24498908392546,2.15974106704221,2.06419144388962,1.93610698866869,1.82020316889615,1.7043159552609,1.59646055767187,1.51481029965206,1.47362360716631,1.38940556506264
248,TUV,4520,4790,4520,5690,4760,5580,5300,5070,5820,6240,1.03182342783917,0.993056820260079,1.10436311921849,0.972545061937715,1.13648001683484,1.14173041611804,1.1911833113613,1.17716100210512,1.22432661828226,1.29535490003912
249,UGA,680,850,830,800,820,830,800,740,750,780,3.18660981826466,3.18245207318546,3.18075022852585,3.23378200993576,3.3526820776788,3.49774773005758,3.65686446958378,3.75568661067387,3.72516390592513,3.54193220575762
250,UKR,3030,3150,3650,3950,3560,2800,2360,2360,2750,3310,-0.397263167656909,-0.359600092788762,-0.246976481186878,-0.227691350050529,-0.479262000344597,-0.261249679711809,-0.331333796371949,-0.386345310894755,-0.466425620896808,-0.530994160113763
251,ARE,33400,35030,39220,42840,44370,42870,40550,39280,41470,43830,7.68722216681039,4.53624184406951,2.15417385990529,0.614086082306359,0.176775197578861,0.527292387564473,1.05327089864392,1.33947023681167,1.50393782063358,1.43867705802644
252,GBR,41940,41300,41940,42920,44670,44730,43460,41880,42410,43460,0.783888646646516,0.781506562236639,0.695353132322269,0.669740535540783,0.736463978721671,0.792367505802859,0.757874492811929,0.679374473924223,0.605929132212552,0.564131113399897
253,USA,49150,50620,52790,53990,55800,56620,57140,59250,63490,65970,0.829616674709795,0.726786704810745,0.733599941250847,0.692860276624581,0.733361519937424,0.73621730882542,0.724676067451429,0.63264399508256,0.526435395564053,0.455381285963537
254,UMC,5857.80589995149,6592.86701166051,7570.09053176867,8313.86375240713,8655.15025353803,8448.80887507529,8244.67029361668,8423.71182877996,9089.93750446567,9635.6995926112,0.69294673393081,0.747862395719139,0.83807845336716,0.837672145107234,0.815626285331163,0.777938320192945,0.765060985521785,0.771548748618315,0.670787875136327,0.582663992981281
255,URY,10440,12060,13330,15330,15790,15620,15440,15920,17280,17770,0.286095677460416,0.286941769207782,0.297840985772009,0.309112680350726,0.324100506456905,0.339789877002899,0.354761354566368,0.364565153230285,0.367270798048567,0.360034022145695
256,UZB,1410,1730,2160,2430,2600,2740,2790,2470,2110,1870,2.82284968340424,2.68401550537804,1.47209998811321,1.56190433294848,1.68690035915161,1.74425837484667,1.73884926199094,1.68350632535532,1.73698637655233,1.87647016682647
257,VUT,2600,2800,2830,2960,3000,2820,2830,2900,3170,3440,2.56070245091676,2.69064039319617,2.78259104658423,2.81836800127082,2.78621356221544,2.70662633869409,2.62020544375229,2.54454379327002,2.48242519027756,2.43262855812858
258,VEN,11810,11980,12710,11970,13080,..,..,..,..,..,1.44831682023004,1.56273221245691,1.62394832481717,1.42107799589325,0.875663915804975,0.129244522754409,-0.769455375977454,-1.51476569807441,-1.76833073456765,-1.29363805789461
259,VNM,1360,1610,1970,2190,2380,2460,2570,2700,3030,3280,1.00012883807904,1.02210108439886,1.04162218011767,1.05306229998885,1.05363581050321,1.04478105455123,1.03410736725231,1.02019850123199,0.994310472332801,0.954289022188918
260,VIR,..,..,..,..,..,..,..,..,..,..,-0.0433657352905335,-0.0618517700554086,-0.0942359108531572,-0.135966981900308,-0.147274749553357,-0.157703864887906,-0.182132486647949,-0.218811336994337,-0.261338011929093,-0.310759832621892
261,PSE,2510,2880,3210,3470,3560,3670,3900,3930,4190,4270,2.59703221798976,2.52518683079236,2.46768715003228,2.40084831983677,2.3440772109436,2.29048005844149,2.24610527580178,1.98868634871278,2.5330114844554,2.51178246264674
262,WLD,9477.64525233408,9952.74240156392,10539.5019858206,10910.9922389483,11022.9800077011,10664.1215150633,10408.1054443456,10488.5043458623,11178.84798898,11576.7853826017,1.20330803304117,1.18329340674819,1.22068863908771,1.21657121233333,1.20334695075393,1.18196469027203,1.17005402578825,1.1531384118945,1.10840559495504,1.06659527365613
263,YEM,1200,1080,1260,1440,1460,1200,1160,1080,910,820,2.79576596218166,2.77998348073705,2.75733912273244,2.71653983243359,2.65414064347765,2.57803021578508,2.49827722501685,2.4239891818803,2.3570444080705,2.30059414962983
264,ZMB,1340,1420,1690,1760,1800,1580,1370,1300,1440,1430,2.914654960089,3.02031866512706,3.10291403534601,3.13994035081307,3.12124942934151,3.06667147171294,3.00293455383552,2.95146304797564,2.91265326328102,2.89301773705047
265,ZWE,700,1060,1260,1320,1370,1390,1390,1350,1350,1210,1.35396387573417,1.53640571630567,1.69808373055654,1.77767247608678,1.7547410030553,1.66369350951633,1.54929408793871,1.45940581314681,1.41038154233327,1.42114188586135
